<?xml version="1.0" encoding="UTF-8" standalone="no"?>
<scene depth="1" desc="" eventsnippetid="0" extheight="672" extwidth="864" extx="-32" exty="-32" format="3.4.0" gravx="-0.0" gravy="0.0" height="608" id="0" name="Menu" revision="" savecount="0" tiled="1" tileh="32" tilew="32" type="standard" width="800">
    <layers>
        <color-bg blue="0" green="0" red="0"/>
        <layer blendMode="normal" color="100,168,234" id="0" locked="false" name="Layer 0" opacity="100" order="0" scrollFactorX="1.0" scrollFactorY="1.0" visible="true"/>
    </layers>
    <joints/>
    <regions/>
    <terrainRegions/>
    <actors>
        <actor a="0.0" aid="1" c="false" group="3" id="4" name="Start Button 1" sx="1.0" sy="1.0" x="288" y="64" z="0"/>
        <actor a="0.0" aid="2" c="false" group="3" id="8" name="options 2" sx="1.0" sy="1.0" x="288" y="224" z="0"/>
        <actor a="0.0" aid="3" c="false" group="3" id="6" name="exit button 3" sx="1.0" sy="1.0" x="288" y="384" z="0"/>
    </actors>
    <snippets/>
    <terrain/>
    <atlases members="" retainAtlases="true"/>
</scene>
