<?xml version="1.0" encoding="UTF-8" standalone="no"?>
<pack>
    <snippet attachedevent="true" class="scripts.SceneEvents_0" classname="scripts.SceneEvents_0" desc="Scene Specific Events" description="Scene Specific Events" design="true" drawOrder="0" id="0" name="SceneEvents_0" oid="-1" package="scripts." sceneid="0" shared="false" type="scene">
        <actor default="" defaultValue="" desc="" dropdown="" fullname="gun" hidden="false" id="1" name="_gun" order="0"/>
        <blocks/>
        <events/>
    </snippet>
    <snippet actorid="3" attachedevent="true" class="scripts.ActorEvents_3" classname="scripts.ActorEvents_3" desc="Actor Specific Events" description="Actor Specific Events" design="true" drawOrder="0" id="1" name="ActorEvents_3" oid="-1" package="scripts." shared="false" type="actor">
        <blocks/>
        <events>
            <event displayName="Created" enabled="true" id="1" name="init" order="1" repeats="true"/>
        </events>
    </snippet>
    <snippet attachedevent="false" class="scripts.Design_2_2_2WayHorizontalMovement" classname="scripts.Design_2_2_2WayHorizontalMovement" desc="Allows the actor to move left and right." description="Allows the actor to move left and right." design="true" drawOrder="0" id="2" name="2 Way Horizontal Movement" oid="-1" package="scripts" shared="false" type="actor">
        <actor default="thisactor" defaultValue="thisactor" desc="" dropdown="" fullname="Actor" hidden="true" id="2147483647" name="actor" order="0"/>
        <control default="" defaultValue="" desc="" dropdown="" fullname="Left Control" hidden="false" id="33" name="_LeftControl" order="4"/>
        <control default="" defaultValue="" desc="" dropdown="" fullname="Right Control" hidden="false" id="34" name="_RightControl" order="5"/>
        <number default="0" defaultValue="0" desc="" dropdown="" fullname="Move X" hidden="true" id="37" name="_MoveX" order="1"/>
        <boolean default="true" defaultValue="true" desc="If selected, the control attributes will be used to control the movement.&lt;br /&gt;&#10;If unselected, the control attributes are ignored and the movement can be controlled by triggering custom events. &#10;Trigger the events &lt;var&gt;MoveLeft&lt;/var&gt; or &lt;var&gt;MoveRight&lt;/var&gt; to make the actor move as if the keys were pressed." dropdown="" fullname="Use Controls" hidden="false" id="38" name="_UseControls" order="3"/>
        <boolean default="false" defaultValue="false" desc="If selected, the actor will not be able to move vertically." dropdown="" fullname="Prevent Vertical Movement" hidden="false" id="39" name="_PreventVerticalMovement" order="7"/>
        <number default="0.0" defaultValue="0.0" desc="" dropdown="" fullname="Start Y" hidden="true" id="40" name="_StartY" order="2"/>
        <animation default="" defaultValue="" desc="" dropdown="" fullname="Left Animation (Idle)" hidden="false" id="41" name="_LeftAnimationIdle" order="10"/>
        <animation default="" defaultValue="" desc="" dropdown="" fullname="Left Animation" hidden="false" id="42" name="_LeftAnimation" order="11"/>
        <animation default="" defaultValue="" desc="" dropdown="" fullname="Right Animation (Idle)" hidden="false" id="43" name="_RightAnimationIdle" order="12"/>
        <number default="30.0" defaultValue="30.0" desc="The speed of the movement." dropdown="" fullname="Speed" hidden="false" id="11" name="_Speed" order="6"/>
        <animation default="" defaultValue="" desc="" dropdown="" fullname="Right Animation" hidden="false" id="44" name="_RightAnimation" order="13"/>
        <boolean default="true" defaultValue="true" desc="If selected, the animation attributes will be used, otherwise they will be ignored." dropdown="" fullname="Use Animations" hidden="false" id="45" name="_UseAnimations" order="9"/>
        <boolean default="true" defaultValue="true" desc="If selected, the actor will not be able to turn while moving." dropdown="" fullname="Stop Turning" hidden="false" id="46" name="_StopTurning" order="8"/>
        <blocks/>
        <events>
            <event displayName="Updated" enabled="true" id="3" name="step" order="5" repeats="true"/>
            <event displayName="Custom Event" enabled="true" id="4" name="event-custom" order="6" repeats="true"/>
            <event displayName="Custom Event" enabled="true" id="5" name="event-custom" order="7" repeats="true"/>
            <event displayName="Created" enabled="true" id="6" name="init" order="3" repeats="true"/>
        </events>
    </snippet>
    <snippet attachedevent="false" class="scripts.Design_3_3_4WayMovement" classname="scripts.Design_3_3_4WayMovement" desc="Allows the actor to move up, down, left and right." description="Allows the actor to move up, down, left and right." design="true" drawOrder="0" id="3" name="4 Way Movement" oid="-1" package="scripts" shared="false" type="actor">
        <control default="" defaultValue="" desc="" dropdown="" fullname="Down Control" hidden="false" id="32" name="_DownControl" order="8"/>
        <actor default="thisactor" defaultValue="thisactor" desc="" dropdown="" fullname="Actor" hidden="true" id="2147483647" name="actor" order="0"/>
        <control default="" defaultValue="" desc="" dropdown="" fullname="Left Control" hidden="false" id="33" name="_LeftControl" order="9"/>
        <control default="" defaultValue="" desc="" dropdown="" fullname="Right Control" hidden="false" id="34" name="_RightControl" order="10"/>
        <number default="0.0" defaultValue="0.0" desc="" dropdown="" fullname="Move X" hidden="true" id="38" name="_MoveX" order="1"/>
        <number default="0.0" defaultValue="0.0" desc="" dropdown="" fullname="Move Y" hidden="true" id="39" name="_MoveY" order="2"/>
        <boolean default="true" defaultValue="true" desc="If selected, the actor will not be able to turn while moving." dropdown="" fullname="Stop Turning" hidden="false" id="40" name="_StopTurning" order="13"/>
        <number default="30.0" defaultValue="30.0" desc="The speed of the movement." dropdown="" fullname="Speed" hidden="false" id="11" name="_Speed" order="11"/>
        <boolean default="false" defaultValue="false" desc="" dropdown="" fullname="Prefer X" hidden="true" id="44" name="_PreferX" order="3"/>
        <boolean default="false" defaultValue="false" desc="If selected, the actor will stop moving if diagonal keys are pressed at the same.&lt;br /&gt;&#10;If unselected, the actor will move in the direction of the most recently pressed key." dropdown="" fullname="Diagonal Stop" hidden="false" id="45" name="_DiagonalStop" order="12"/>
        <boolean default="true" defaultValue="true" desc="If selected, the control attributes will be used to control the movement.&lt;br /&gt;&#10;If unselected, the control attributes are ignored and the movement can be controlled by triggering custom events.&lt;br /&gt;&#10;Trigger the events  &lt;var&gt;MoveUp&lt;/var&gt;, &lt;var&gt;MoveDown&lt;/var&gt;, &lt;var&gt;MoveLeft&lt;/var&gt; or &lt;var&gt;MoveRight&lt;/var&gt; to make the actor move as if the keys were pressed." dropdown="" fullname="Use Controls" hidden="false" id="46" name="_UseControls" order="6"/>
        <boolean default="false" defaultValue="false" desc="" dropdown="" fullname="X Idle" hidden="true" id="47" name="_XIdle" order="4"/>
        <boolean default="false" defaultValue="false" desc="" dropdown="" fullname="Y Idle" hidden="true" id="49" name="_YIdle" order="5"/>
        <animation default="" defaultValue="" desc="" dropdown="" fullname="Up Animation (Idle)" hidden="false" id="50" name="_UpAnimationIdle" order="15"/>
        <animation default="" defaultValue="" desc="" dropdown="" fullname="Up Animation" hidden="false" id="51" name="_UpAnimation" order="16"/>
        <animation default="" defaultValue="" desc="" dropdown="" fullname="Down Animation (Idle)" hidden="false" id="52" name="_DownAnimationIdle" order="17"/>
        <animation default="" defaultValue="" desc="" dropdown="" fullname="Down Animation" hidden="false" id="53" name="_DownAnimation" order="18"/>
        <animation default="" defaultValue="" desc="" dropdown="" fullname="Left Animation (Idle)" hidden="false" id="54" name="_LeftAnimationIdle" order="19"/>
        <animation default="" defaultValue="" desc="" dropdown="" fullname="Left Animation" hidden="false" id="55" name="_LeftAnimation" order="20"/>
        <animation default="" defaultValue="" desc="" dropdown="" fullname="Right Animation (Idle)" hidden="false" id="56" name="_RightAnimationIdle" order="21"/>
        <animation default="" defaultValue="" desc="" dropdown="" fullname="Right Animation" hidden="false" id="57" name="_RightAnimation" order="22"/>
        <boolean default="true" defaultValue="true" desc="If selected, the animation attributes will be used, otherwise they will be ignored." dropdown="" fullname="Use Animations" hidden="false" id="58" name="_UseAnimations" order="14"/>
        <control default="" defaultValue="" desc="" dropdown="" fullname="Up Control" hidden="false" id="31" name="_UpControl" order="7"/>
        <blocks/>
        <events>
            <event displayName="Updated" enabled="true" id="3" name="step" order="3" repeats="true"/>
            <event displayName="Custom Event" enabled="true" id="4" name="event-custom" order="4" repeats="true"/>
            <event displayName="Custom Event" enabled="true" id="5" name="event-custom" order="5" repeats="true"/>
            <event displayName="Custom Event" enabled="true" id="6" name="event-custom" order="6" repeats="true"/>
            <event displayName="Custom Event" enabled="true" id="7" name="event-custom" order="7" repeats="true"/>
        </events>
    </snippet>
    <snippet attachedevent="false" class="scripts.Design_4_4_8WayMovement" classname="scripts.Design_4_4_8WayMovement" desc="Allows the actor to move up, down, left and right as well as in diagonal directions." description="Allows the actor to move up, down, left and right as well as in diagonal directions." design="true" drawOrder="0" id="4" name="8 Way Movement" oid="-1" package="scripts" shared="false" type="actor">
        <control default="" defaultValue="" desc="" dropdown="" fullname="Down Control" hidden="false" id="32" name="_DownControl" order="6"/>
        <actor default="thisactor" defaultValue="thisactor" desc="" dropdown="" fullname="Actor" hidden="true" id="2147483647" name="actor" order="0"/>
        <control default="" defaultValue="" desc="" dropdown="" fullname="Left Control" hidden="false" id="33" name="_LeftControl" order="7"/>
        <control default="" defaultValue="" desc="" dropdown="" fullname="Right Control" hidden="false" id="34" name="_RightControl" order="8"/>
        <number default="0.0" defaultValue="0.0" desc="" dropdown="" fullname="Move X" hidden="true" id="35" name="_MoveX" order="1"/>
        <number default="0.0" defaultValue="0.0" desc="" dropdown="" fullname="Move Y" hidden="true" id="36" name="_MoveY" order="2"/>
        <boolean default="true" defaultValue="true" desc="If selected, the actor will move in diagonal directions at the same speed as in axis-aligned directions.&lt;br /&gt;&#10;If unselected, the actor will move in diagonal direction at a speed that is the sum of the axis-aligned velocities." dropdown="" fullname="Normalize Diagonal Speed" hidden="false" id="37" name="_NormalizeDiagonalSpeed" order="10"/>
        <number default="0.0" defaultValue="0.0" desc="" dropdown="" fullname="Sqrt2" hidden="true" id="38" name="_Sqrt2" order="3"/>
        <boolean default="true" defaultValue="true" desc="If selected, the actor will not be able to turn while moving." dropdown="" fullname="Stop Turning While Moving" hidden="false" id="39" name="_StopTurningWhileMoving" order="11"/>
        <boolean default="true" defaultValue="true" desc="If selected, the control attributes will be used to control the movement.&lt;br /&gt;&#10;If unselected, the control attributes are ignored and the movement can be controlled by triggering custom events.&lt;br /&gt;&#10;Trigger the events  &lt;var&gt;MoveUp&lt;/var&gt;, &lt;var&gt;MoveDown&lt;/var&gt;, &lt;var&gt;MoveLeft&lt;/var&gt; or &lt;var&gt;MoveRight&lt;/var&gt; to make the actor move as if the keys were pressed." dropdown="" fullname="Use Controls" hidden="false" id="40" name="_UseControls" order="4"/>
        <number default="30.0" defaultValue="30.0" desc="The speed of the movement." dropdown="" fullname="Speed" hidden="false" id="11" name="_Speed" order="9"/>
        <boolean default="true" defaultValue="true" desc="If selected, the animation attributes will be used, otherwise they will be ignored." dropdown="" fullname="Use Animations" hidden="false" id="49" name="_UseAnimations" order="12"/>
        <animation default="" defaultValue="" desc="" dropdown="" fullname="Up Animation (Idle)" hidden="false" id="50" name="_UpAnimationIdle" order="13"/>
        <animation default="" defaultValue="" desc="" dropdown="" fullname="Up Animation" hidden="false" id="51" name="_UpAnimation" order="14"/>
        <animation default="" defaultValue="" desc="" dropdown="" fullname="Down Animation (Idle)" hidden="false" id="52" name="_DownAnimationIdle" order="15"/>
        <animation default="" defaultValue="" desc="" dropdown="" fullname="Down Animation" hidden="false" id="53" name="_DownAnimation" order="16"/>
        <animation default="" defaultValue="" desc="" dropdown="" fullname="Left Animation (Idle)" hidden="false" id="54" name="_LeftAnimationIdle" order="17"/>
        <animation default="" defaultValue="" desc="" dropdown="" fullname="Left Animation" hidden="false" id="55" name="_LeftAnimation" order="18"/>
        <animation default="" defaultValue="" desc="" dropdown="" fullname="Right Animation (Idle)" hidden="false" id="56" name="_RightAnimationIdle" order="19"/>
        <animation default="" defaultValue="" desc="" dropdown="" fullname="Right Animation" hidden="false" id="57" name="_RightAnimation" order="20"/>
        <boolean default="false" defaultValue="false" desc="If selected and moving in a diagonal direction, the Up and Down animations will be used, otherwise the Left and Right animations will be used." dropdown="" fullname="Prefer Vertical Animtations" hidden="false" id="58" name="_PreferVerticalAnimtations" order="21"/>
        <control default="" defaultValue="" desc="" dropdown="" fullname="Up Control" hidden="false" id="31" name="_UpControl" order="5"/>
        <blocks/>
        <events>
            <event displayName="Updated" enabled="true" id="3" name="step" order="4" repeats="true"/>
            <event displayName="Created" enabled="true" id="4" name="init" order="3" repeats="true"/>
            <event displayName="Custom Event" enabled="true" id="6" name="event-custom" order="4" repeats="true"/>
            <event displayName="Custom Event" enabled="true" id="7" name="event-custom" order="5" repeats="true"/>
            <event displayName="Custom Event" enabled="true" id="8" name="event-custom" order="6" repeats="true"/>
            <event displayName="Custom Event" enabled="true" id="9" name="event-custom" order="7" repeats="true"/>
        </events>
    </snippet>
    <snippet attachedevent="false" class="scripts.Design_5_5_CameraFollow" classname="scripts.Design_5_5_CameraFollow" desc="Attach to an actor to make the camera follow it. You can then specify the speed at which the camera should &quot;scroll&quot; towards the actor." description="Attach to an actor to make the camera follow it. You can then specify the speed at which the camera should &quot;scroll&quot; towards the actor." design="true" drawOrder="0" id="5" name="Camera Follow" oid="-1" package="scripts" shared="false" type="actor">
        <actor default="thisactor" defaultValue="thisactor" desc="" dropdown="" fullname="Actor" hidden="true" id="2147483647" name="actor" order="0"/>
        <number default="0.0" defaultValue="0.0" desc="INTERNAL ATTRIBUTE: The x-position that the camera should be." dropdown="" fullname="intendedCameraX" hidden="true" id="1" name="_intendedCameraX" order="7"/>
        <number default="0.0" defaultValue="0.0" desc="INTERNAL ATTRIBUTE: The y-position that the camera should be." dropdown="" fullname="intendedCameraY" hidden="true" id="4" name="_intendedCameraY" order="8"/>
        <number default="0.0" defaultValue="0.0" desc="INTERNAL ATTRIBUTE: The current x-position of the camera." dropdown="" fullname="currentCameraX" hidden="true" id="6" name="_currentCameraX" order="5"/>
        <number default="0.0" defaultValue="0.0" desc="INTERNAL ATTRIBUTE: The current y-position of the camera." dropdown="" fullname="currentCameraY" hidden="true" id="8" name="_currentCameraY" order="6"/>
        <number default="0.0" defaultValue="0.0" desc="The speed, in pixels per frame, that the camera should scroll by following the actor. Leave as 0 to indicate an instant jump." dropdown="" fullname="Scroll Speed" hidden="false" id="9" name="_ScrollSpeed" order="4"/>
        <blocks/>
        <events>
            <event displayName="Updated" enabled="true" id="1" name="step" order="2" repeats="true"/>
            <event displayName="Created" enabled="true" id="2" name="init" order="1" repeats="true"/>
        </events>
    </snippet>
    <snippet actorid="6" attachedevent="true" class="scripts.ActorEvents_6" classname="scripts.ActorEvents_6" desc="Actor Specific Events" description="Actor Specific Events" design="true" drawOrder="0" id="6" name="ActorEvents_6" oid="-1" package="scripts." shared="false" type="actor">
        <blocks/>
        <events>
            <event displayName="Updating" enabled="true" id="1" name="step" order="1" repeats="true"/>
        </events>
    </snippet>
    <snippet attachedevent="false" class="scripts.Design_7_7_FollowTarget" classname="scripts.Design_7_7_FollowTarget" desc="Make the actor follow a given actor." description="Make the actor follow a given actor." design="true" drawOrder="0" id="7" name="Follow Target" oid="-1" package="scripts" shared="false" type="actor">
        <actor default="thisactor" defaultValue="thisactor" desc="" dropdown="" fullname="Actor" hidden="true" id="2147483647" name="actor" order="0"/>
        <actor default="" defaultValue="" desc="The target actor this actor will follow. &lt;br /&gt;&#10;If the target actor is unset or dead this behavior will do nothing." dropdown="" fullname="Target Actor" hidden="false" id="1" name="_TargetActor" order="7"/>
        <number default="0.0" defaultValue="0.0" desc="" dropdown="" fullname="Distance X" hidden="true" id="2" name="_DistanceX" order="1"/>
        <number default="0.0" defaultValue="0.0" desc="" dropdown="" fullname="Distance Y" hidden="true" id="3" name="_DistanceY" order="2"/>
        <number default="0.0" defaultValue="0.0" desc="" dropdown="" fullname="Distance" hidden="true" id="4" name="_Distance" order="3"/>
        <number default="0.0" defaultValue="0.0" desc="" dropdown="" fullname="Direction" hidden="true" id="5" name="_Direction" order="4"/>
        <number default="30.0" defaultValue="30.0" desc="The speed to move towards the target." dropdown="" fullname="Speed" hidden="false" id="6" name="_Speed" order="8"/>
        <number default="0.0" defaultValue="0.0" desc="The actor will not move closer to the target than this value." dropdown="" fullname="Margin" hidden="false" id="7" name="_Margin" order="9"/>
        <boolean default="true" defaultValue="true" desc="If selected, the actor will move faster if farther away from the target and slower if closer to to the target.&lt;br /&gt;&#10;If unselected, the actor will move towards the target at a constant speed as specified in the &lt;var&gt;Speed&lt;/var&gt; attribute." dropdown="" fullname="Easing" hidden="false" id="8" name="_Easing" order="11"/>
        <number default="5.0" defaultValue="5.0" desc="Only used when &lt;var&gt;Easing&lt;/var&gt; is selected.&lt;br /&gt;&#10;The actor will move at least at this speed. The actual speed depends on the distance to the target. The maximum speed is &lt;var&gt;Minimum Easing Speed&lt;/var&gt; plus &lt;var&gt;Speed&lt;/var&gt;. The actor will move at maximum speed if it is in the opposite diagonal corner of the target." dropdown="" fullname="Minimum Easing Speed" hidden="false" id="9" name="_MinimumEasingSpeed" order="12"/>
        <number default="0.0" defaultValue="0.0" desc="" dropdown="" fullname="Screen Diagonal" hidden="true" id="10" name="_ScreenDiagonal" order="5"/>
        <boolean default="true" defaultValue="true" desc="If selected, the actor will stop moving when colliding with the target actor.&lt;br /&gt;&#10;If unselected, the actor will instead continue to  and push the target around." dropdown="" fullname="Stop when Colliding" hidden="false" id="11" name="_StopwhenColliding" order="10"/>
        <boolean default="false" defaultValue="false" desc="" dropdown="" fullname="Collided" hidden="true" id="12" name="_Collided" order="6"/>
        <blocks/>
        <events>
            <event displayName="Updated" enabled="true" id="1" name="step" order="2" repeats="true"/>
            <event displayName="Created" enabled="true" id="2" name="init" order="1" repeats="true"/>
            <event displayName="Actor - Any" enabled="true" id="3" name="event-collide-actor" order="3" repeats="true"/>
        </events>
    </snippet>
    <snippet attachedevent="false" class="scripts.Design_8_8_AnchortoScreen" classname="scripts.Design_8_8_AnchortoScreen" desc="Make the actor's position relative to the screen." description="Make the actor's position relative to the screen." design="true" drawOrder="0" id="8" name="Anchor to Screen" oid="-1" package="scripts" shared="false" type="actor">
        <actor default="thisactor" defaultValue="thisactor" desc="" dropdown="" fullname="Actor" hidden="true" id="2147483647" name="actor" order="2147483647"/>
        <blocks/>
        <events>
            <event displayName="Created" enabled="true" id="1" name="init" order="1" repeats="true"/>
        </events>
    </snippet>
    <snippet actorid="8" attachedevent="true" class="scripts.ActorEvents_8" classname="scripts.ActorEvents_8" desc="Actor Specific Events" description="Actor Specific Events" design="true" drawOrder="0" id="9" name="ActorEvents_8" oid="-1" package="scripts." shared="false" type="actor">
        <blocks/>
        <events>
            <event displayName="After N secs" enabled="true" id="2" name="event-delay" order="2" repeats="true"/>
        </events>
    </snippet>
    <snippet attachedevent="false" class="scripts.Design_10_10_FireBullet" classname="scripts.Design_10_10_FireBullet" desc="Spawn bullets from the actor's position." description="Spawn bullets from the actor's position." design="true" drawOrder="0" id="10" name="Fire Bullet" oid="-1" package="scripts" shared="false" type="actor">
        <text default="" defaultValue="" desc="How to determine the direction of the bullets:&lt;br/&gt;&#10;&lt;br/&gt;&#10;&lt;em&gt;Relative&lt;/em&gt; - Treat &lt;em&gt;Direction&lt;/em&gt; relative to the actor's orientation.&lt;br/&gt;&#10;&lt;em&gt;Absolute&lt;/em&gt; - Treat &lt;em&gt;Direction &lt;/em&gt; as absolute.&lt;br/&gt;&#10;&lt;em&gt;Based on Animations&lt;/em&gt; - Determine the direction based on the current animation." dropdown="Relative=Relative&#10;Absolute=Absolute&#10;Based on Animations=Based on Animations" fullname="Direction Mode" hidden="false" id="32" name="_DirectionMode" order="10"/>
        <actor default="thisactor" defaultValue="thisactor" desc="" dropdown="" fullname="Actor" hidden="true" id="2147483647" name="actor" order="0"/>
        <number default="50.0" defaultValue="50.0" desc="The speed at which the bullets will move." dropdown="" fullname="Bullet Speed" hidden="false" id="2" name="_BulletSpeed" order="9"/>
        <actortype default="" defaultValue="" desc="The bullet actor type to create." dropdown="" fullname="Bullet Type" hidden="false" id="4" name="_BulletType" order="8"/>
        <number default="0.0" defaultValue="0.0" desc="The direction in which the bullet will move.&lt;br/&gt;&#10;Only used if &lt;em&gt;Direction Mode&lt;/em&gt; is &lt;em&gt;Relative&lt;/em&gt; or &lt;em&gt;Absolute&lt;/em&gt;. If &lt;em&gt;Direction Mode&lt;/em&gt; is &lt;em&gt;Based on Animations&lt;/em&gt; the following four attributes determine the direction instead." dropdown="North=-90&#10;North East=-45&#10;East=0&#10;South East=45&#10;South=90&#10;South West=135&#10;West=180&#10;North West=-135" fullname="Direction" hidden="false" id="5" name="_Direction" order="11"/>
        <number default="0.0" defaultValue="0.0" desc="The offset in the direction of movement at which the bullets will be created." dropdown="" fullname="Offset" hidden="false" id="9" name="_Offset" order="16"/>
        <control default="" defaultValue="" desc="" dropdown="" fullname="Fire Control" hidden="false" id="13" name="_FireControl" order="7"/>
        <number default="0.0" defaultValue="0.0" desc="" dropdown="" fullname="Fire Direction" hidden="true" id="15" name="_FireDirection" order="2"/>
        <boolean default="true" defaultValue="true" desc="If selected, holding down the &lt;var&gt;Fire Control&lt;/var&gt; will fire bullets. &lt;br /&gt;&#10;&lt;br /&gt;&#10;You can also trigger the &lt;var&gt;FireBullet&lt;/var&gt; event to fire a bullet." dropdown="" fullname="Use Controls" hidden="false" id="16" name="_UseControls" order="6"/>
        <boolean default="true" defaultValue="true" desc="If selected, holding down the mouse will fire bullets." dropdown="" fullname="Use the Mouse" hidden="false" id="17" name="_UsetheMouse" order="5"/>
        <boolean default="false" defaultValue="false" desc="If selected, no more than &lt;var&gt;Maximum Bullets Alive&lt;/var&gt; can be alive at the same time." dropdown="" fullname="Limit Bullets Alive" hidden="false" id="18" name="_LimitBulletsAlive" order="18"/>
        <number default="1.0" defaultValue="1.0" desc="The maximum number of actors to be alive at the same time. Only used if &lt;var&gt;Limit Bullets Alive&lt;/var&gt; is selected." dropdown="" fullname="Maximum Bullets Alive" hidden="false" id="19" name="_MaximumBulletsAlive" order="19"/>
        <number default="0.0" defaultValue="0.0" desc="" dropdown="" fullname="Bullets Alive" hidden="true" id="20" name="_BulletsAlive" order="3"/>
        <boolean default="false" defaultValue="false" desc="" dropdown="" fullname="Fire" hidden="true" id="21" name="_Fire" order="1"/>
        <boolean default="false" defaultValue="false" desc="" dropdown="" fullname="Wait" hidden="true" id="22" name="_Wait" order="4"/>
        <number default="3.0" defaultValue="3.0" desc="The maximum number of bullets created per second." dropdown="" fullname="Rate Of Fire" hidden="false" id="23" name="_RateOfFire" order="17"/>
        <number default="5.0" defaultValue="5.0" desc="The maximum ammunition the actor can have.&lt;br /&gt;&#10;Only used if &lt;var&gt;Use Ammunition&lt;/var&gt; is selected." dropdown="" fullname="Maximum Ammunition" hidden="false" id="24" name="_MaximumAmmunition" order="21"/>
        <number default="5.0" defaultValue="5.0" desc="The current ammunition the actor has when created.&lt;br /&gt;&#10;Only used if &lt;var&gt;Use Ammunition&lt;/var&gt; is selected.&lt;br/&gt;Trigger the &lt;var&gt;Reload&lt;/var&gt; event to set the current ammunition to the maximum ammunition." dropdown="" fullname="Current Ammunition" hidden="false" id="25" name="_CurrentAmmunition" order="22"/>
        <boolean default="false" defaultValue="false" desc="If selected, the current ammunition will be reduced by one on every shot." dropdown="" fullname="Use Ammunition" hidden="false" id="26" name="_UseAmmunition" order="20"/>
        <text default="" defaultValue="" desc="Shoot up if the current animation name contains this text." dropdown="" fullname="Up Animations" hidden="false" id="28" name="_UpAnimations" order="12"/>
        <text default="" defaultValue="" desc="Shoot down if the current animation name contains this text." dropdown="" fullname="Down Animations" hidden="false" id="29" name="_DownAnimations" order="13"/>
        <text default="" defaultValue="" desc="Shoot left if the current animation name contains this text." dropdown="" fullname="Left Animations" hidden="false" id="30" name="_LeftAnimations" order="14"/>
        <text default="" defaultValue="" desc="Shoot right if the current animation name contains this text." dropdown="" fullname="Right Animations" hidden="false" id="31" name="_RightAnimations" order="15"/>
        <blocks/>
        <events>
            <event displayName="FireBullet" enabled="true" id="6" name="event-custom" order="9" repeats="true"/>
            <event displayName="Updated" enabled="true" id="9" name="step" order="6" repeats="true"/>
            <event displayName="Reload" enabled="true" id="10" name="event-custom" order="10" repeats="true"/>
        </events>
    </snippet>
    <snippet attachedevent="false" class="scripts.Design_11_11_FacetheMouse" classname="scripts.Design_11_11_FacetheMouse" desc="Makes the actor face the mouse." description="Makes the actor face the mouse." design="true" drawOrder="0" id="11" name="Face the Mouse" oid="-1" package="scripts" shared="false" type="actor">
        <actor default="thisactor" defaultValue="thisactor" desc="" dropdown="" fullname="Actor" hidden="true" id="2147483647" name="actor" order="0"/>
        <number default="0.0" defaultValue="0.0" desc="" dropdown="" fullname="Distance X" hidden="true" id="2" name="_DistanceX" order="1"/>
        <number default="0.0" defaultValue="0.0" desc="" dropdown="" fullname="Distance Y" hidden="true" id="3" name="_DistanceY" order="2"/>
        <number default="-90.0" defaultValue="-90.0" desc="The facing of the actor's sprite." dropdown="Up=-90&#10;Down=90&#10;Left=180&#10;Right=0&#10;" fullname="Facing" hidden="false" id="4" name="_Facing" order="3"/>
        <boolean default="false" defaultValue="false" desc="If selected, the actor will only face the mouse when it is pressed." dropdown="" fullname="Only When Pressed" hidden="false" id="5" name="_OnlyWhenPressed" order="4"/>
        <blocks/>
        <events>
            <event displayName="Updated" enabled="true" id="1" name="step" order="1" repeats="true"/>
        </events>
    </snippet>
</pack>
