<?xml version="1.0" encoding="UTF-8" standalone="no"?>
<pack>
    <actor adamp="0.0" ascale="true" atlasID="0" bodytype="2" continuous="true" desc="" eventsnippetid="9" fixedrot="false" fric="0.2" gid="5" id="8" ignoreg="false" inertia="1.0" ldamp="0.0" mass="1.0" name="bullet" oid="-1" pausable="true" physicsMode="0" rest="0.0" shared="false" sprite="9" static="false">
        <snippets>
            <s enabled="true" id="11">
                <prop id="2147483647" list="0" val="thisactor"/>
                <prop id="2" list="0" val="0.0"/>
                <prop id="3" list="0" val="0.0"/>
                <prop id="4" list="0" val="0"/>
                <prop id="5" list="0" val="true"/>
            </s>
        </snippets>
    </actor>
    <sprite atlasID="0" default="0" defaultAnimation="0" desc="" height="14" id="9" name="bullet" shared="false" width="26">
        <anim across="1" down="1" durations="100" height="14" id="0" loop="false" name="bullet" numframes="1" originx="13" originy="7" sync="false" version="2" width="26">
            <poly data="4,0,0,26,0,26,14,0,14" density="0.1" fric="0.2" gid="-1000" id="0" name="Animation 0" rest="0.0" sensor="false"/>
        </anim>
    </sprite>
    <tileset across="34" atlasID="0" desc="" down="24" id="5" name="grassLand" oid="-1" shared="false" th="32" tw="32">
        <tile collision="0" data="" durations="100" frames="0" id="0" order="-1"/>
        <tile collision="0" data="" durations="100" frames="1" id="1" order="-1"/>
        <tile collision="0" data="" durations="100" frames="2" id="2" order="-1"/>
        <tile collision="0" data="" durations="100" frames="3" id="3" order="-1"/>
        <tile collision="0" data="" durations="100" frames="4" id="4" order="-1"/>
        <tile collision="0" data="" durations="100" frames="5" id="5" order="-1"/>
        <tile collision="0" data="" durations="100" frames="6" id="6" order="-1"/>
        <tile collision="0" data="" durations="100" frames="7" id="7" order="-1"/>
        <tile collision="0" data="" durations="100" frames="8" id="8" order="-1"/>
        <tile collision="0" data="" durations="100" frames="9" id="9" order="-1"/>
        <tile collision="0" data="" durations="100" frames="10" id="10" order="-1"/>
        <tile collision="0" data="" durations="100" frames="11" id="11" order="-1"/>
        <tile collision="0" data="" durations="100" frames="12" id="12" order="-1"/>
        <tile collision="0" data="" durations="100" frames="13" id="13" order="-1"/>
        <tile collision="0" data="" durations="100" frames="14" id="14" order="-1"/>
        <tile collision="0" data="" durations="100" frames="15" id="15" order="-1"/>
        <tile collision="0" data="" durations="100" frames="16" id="16" order="-1"/>
        <tile collision="0" data="" durations="100" frames="17" id="17" order="-1"/>
        <tile collision="0" data="" durations="100" frames="18" id="18" order="-1"/>
        <tile collision="0" data="" durations="100" frames="19" id="19" order="-1"/>
        <tile collision="0" data="" durations="100" frames="20" id="20" order="-1"/>
        <tile collision="0" data="" durations="100" frames="21" id="21" order="-1"/>
        <tile collision="0" data="" durations="100" frames="22" id="22" order="-1"/>
        <tile collision="0" data="" durations="100" frames="23" id="23" order="-1"/>
        <tile collision="0" data="" durations="100" frames="24" id="24" order="-1"/>
        <tile collision="0" data="" durations="100" frames="25" id="25" order="-1"/>
        <tile collision="0" data="" durations="100" frames="26" id="26" order="-1"/>
        <tile collision="0" data="" durations="100" frames="27" id="27" order="-1"/>
        <tile collision="0" data="" durations="100" frames="28" id="28" order="-1"/>
        <tile collision="0" data="" durations="100" frames="29" id="29" order="-1"/>
        <tile collision="0" data="" durations="100" frames="30" id="30" order="-1"/>
        <tile collision="0" data="" durations="100" frames="31" id="31" order="-1"/>
        <tile collision="0" data="" durations="100" frames="32" id="32" order="-1"/>
        <tile collision="0" data="" durations="100" frames="33" id="33" order="-1"/>
        <tile collision="0" data="" durations="100" frames="34" id="34" order="-1"/>
        <tile collision="0" data="" durations="100" frames="35" id="35" order="-1"/>
        <tile collision="0" data="" durations="100" frames="36" id="36" order="-1"/>
        <tile collision="0" data="" durations="100" frames="37" id="37" order="-1"/>
        <tile collision="0" data="" durations="100" frames="38" id="38" order="-1"/>
        <tile collision="0" data="" durations="100" frames="39" id="39" order="-1"/>
        <tile collision="0" data="" durations="100" frames="40" id="40" order="-1"/>
        <tile collision="0" data="" durations="100" frames="41" id="41" order="-1"/>
        <tile collision="0" data="" durations="100" frames="42" id="42" order="-1"/>
        <tile collision="0" data="" durations="100" frames="43" id="43" order="-1"/>
        <tile collision="0" data="" durations="100" frames="44" id="44" order="-1"/>
        <tile collision="0" data="" durations="100" frames="45" id="45" order="-1"/>
        <tile collision="0" data="" durations="100" frames="46" id="46" order="-1"/>
        <tile collision="0" data="" durations="100" frames="47" id="47" order="-1"/>
        <tile collision="0" data="" durations="100" frames="48" id="48" order="-1"/>
        <tile collision="0" data="" durations="100" frames="49" id="49" order="-1"/>
        <tile collision="0" data="" durations="100" frames="50" id="50" order="-1"/>
        <tile collision="0" data="" durations="100" frames="51" id="51" order="-1"/>
        <tile collision="0" data="" durations="100" frames="52" id="52" order="-1"/>
        <tile collision="0" data="" durations="100" frames="53" id="53" order="-1"/>
        <tile collision="0" data="" durations="100" frames="54" id="54" order="-1"/>
        <tile collision="0" data="" durations="100" frames="55" id="55" order="-1"/>
        <tile collision="0" data="" durations="100" frames="56" id="56" order="-1"/>
        <tile collision="0" data="" durations="100" frames="57" id="57" order="-1"/>
        <tile collision="0" data="" durations="100" frames="58" id="58" order="-1"/>
        <tile collision="0" data="" durations="100" frames="59" id="59" order="-1"/>
        <tile collision="0" data="" durations="100" frames="60" id="60" order="-1"/>
        <tile collision="0" data="" durations="100" frames="61" id="61" order="-1"/>
        <tile collision="0" data="" durations="100" frames="62" id="62" order="-1"/>
        <tile collision="0" data="" durations="100" frames="63" id="63" order="-1"/>
        <tile collision="0" data="" durations="100" frames="64" id="64" order="-1"/>
        <tile collision="0" data="" durations="100" frames="65" id="65" order="-1"/>
        <tile collision="0" data="" durations="100" frames="66" id="66" order="-1"/>
        <tile collision="0" data="" durations="100" frames="67" id="67" order="-1"/>
        <tile collision="0" data="" durations="100" frames="68" id="68" order="-1"/>
        <tile collision="0" data="" durations="100" frames="69" id="69" order="-1"/>
        <tile collision="0" data="" durations="100" frames="70" id="70" order="-1"/>
        <tile collision="0" data="" durations="100" frames="71" id="71" order="-1"/>
        <tile collision="0" data="" durations="100" frames="72" id="72" order="-1"/>
        <tile collision="0" data="" durations="100" frames="73" id="73" order="-1"/>
        <tile collision="0" data="" durations="100" frames="74" id="74" order="-1"/>
        <tile collision="0" data="" durations="100" frames="75" id="75" order="-1"/>
        <tile collision="0" data="" durations="100" frames="76" id="76" order="-1"/>
        <tile collision="0" data="" durations="100" frames="77" id="77" order="-1"/>
        <tile collision="0" data="" durations="100" frames="78" id="78" order="-1"/>
        <tile collision="0" data="" durations="100" frames="79" id="79" order="-1"/>
        <tile collision="0" data="" durations="100" frames="80" id="80" order="-1"/>
        <tile collision="0" data="" durations="100" frames="81" id="81" order="-1"/>
        <tile collision="0" data="" durations="100" frames="82" id="82" order="-1"/>
        <tile collision="0" data="" durations="100" frames="83" id="83" order="-1"/>
        <tile collision="0" data="" durations="100" frames="84" id="84" order="-1"/>
        <tile collision="0" data="" durations="100" frames="85" id="85" order="-1"/>
        <tile collision="0" data="" durations="100" frames="86" id="86" order="-1"/>
        <tile collision="0" data="" durations="100" frames="87" id="87" order="-1"/>
        <tile collision="0" data="" durations="100" frames="88" id="88" order="-1"/>
        <tile collision="0" data="" durations="100" frames="89" id="89" order="-1"/>
        <tile collision="0" data="" durations="100" frames="90" id="90" order="-1"/>
        <tile collision="0" data="" durations="100" frames="91" id="91" order="-1"/>
        <tile collision="0" data="" durations="100" frames="92" id="92" order="-1"/>
        <tile collision="0" data="" durations="100" frames="93" id="93" order="-1"/>
        <tile collision="0" data="" durations="100" frames="94" id="94" order="-1"/>
        <tile collision="0" data="" durations="100" frames="95" id="95" order="-1"/>
        <tile collision="0" data="" durations="100" frames="96" id="96" order="-1"/>
        <tile collision="0" data="" durations="100" frames="97" id="97" order="-1"/>
        <tile collision="0" data="" durations="100" frames="98" id="98" order="-1"/>
        <tile collision="0" data="" durations="100" frames="99" id="99" order="-1"/>
        <tile collision="0" data="" durations="100" frames="100" id="100" order="-1"/>
        <tile collision="0" data="" durations="100" frames="101" id="101" order="-1"/>
        <tile collision="0" data="" durations="100" frames="102" id="102" order="-1"/>
        <tile collision="0" data="" durations="100" frames="103" id="103" order="-1"/>
        <tile collision="0" data="" durations="100" frames="104" id="104" order="-1"/>
        <tile collision="0" data="" durations="100" frames="105" id="105" order="-1"/>
        <tile collision="0" data="" durations="100" frames="106" id="106" order="-1"/>
        <tile collision="0" data="" durations="100" frames="107" id="107" order="-1"/>
        <tile collision="0" data="" durations="100" frames="108" id="108" order="-1"/>
        <tile collision="0" data="" durations="100" frames="109" id="109" order="-1"/>
        <tile collision="0" data="" durations="100" frames="110" id="110" order="-1"/>
        <tile collision="0" data="" durations="100" frames="111" id="111" order="-1"/>
        <tile collision="0" data="" durations="100" frames="112" id="112" order="-1"/>
        <tile collision="0" data="" durations="100" frames="113" id="113" order="-1"/>
        <tile collision="0" data="" durations="100" frames="114" id="114" order="-1"/>
        <tile collision="0" data="" durations="100" frames="115" id="115" order="-1"/>
        <tile collision="0" data="" durations="100" frames="116" id="116" order="-1"/>
        <tile collision="0" data="" durations="100" frames="117" id="117" order="-1"/>
        <tile collision="0" data="" durations="100" frames="118" id="118" order="-1"/>
        <tile collision="0" data="" durations="100" frames="119" id="119" order="-1"/>
        <tile collision="0" data="" durations="100" frames="120" id="120" order="-1"/>
        <tile collision="0" data="" durations="100" frames="121" id="121" order="-1"/>
        <tile collision="0" data="" durations="100" frames="122" id="122" order="-1"/>
        <tile collision="0" data="" durations="100" frames="123" id="123" order="-1"/>
        <tile collision="0" data="" durations="100" frames="124" id="124" order="-1"/>
        <tile collision="0" data="" durations="100" frames="125" id="125" order="-1"/>
        <tile collision="0" data="" durations="100" frames="126" id="126" order="-1"/>
        <tile collision="0" data="" durations="100" frames="127" id="127" order="-1"/>
        <tile collision="0" data="" durations="100" frames="128" id="128" order="-1"/>
        <tile collision="0" data="" durations="100" frames="129" id="129" order="-1"/>
        <tile collision="0" data="" durations="100" frames="130" id="130" order="-1"/>
        <tile collision="0" data="" durations="100" frames="131" id="131" order="-1"/>
        <tile collision="0" data="" durations="100" frames="132" id="132" order="-1"/>
        <tile collision="0" data="" durations="100" frames="133" id="133" order="-1"/>
        <tile collision="0" data="" durations="100" frames="134" id="134" order="-1"/>
        <tile collision="0" data="" durations="100" frames="135" id="135" order="-1"/>
        <tile collision="0" data="" durations="100" frames="136" id="136" order="-1"/>
        <tile collision="0" data="" durations="100" frames="137" id="137" order="-1"/>
        <tile collision="0" data="" durations="100" frames="138" id="138" order="-1"/>
        <tile collision="0" data="" durations="100" frames="139" id="139" order="-1"/>
        <tile collision="0" data="" durations="100" frames="140" id="140" order="-1"/>
        <tile collision="0" data="" durations="100" frames="141" id="141" order="-1"/>
        <tile collision="0" data="" durations="100" frames="142" id="142" order="-1"/>
        <tile collision="0" data="" durations="100" frames="143" id="143" order="-1"/>
        <tile collision="0" data="" durations="100" frames="144" id="144" order="-1"/>
        <tile collision="0" data="" durations="100" frames="145" id="145" order="-1"/>
        <tile collision="0" data="" durations="100" frames="146" id="146" order="-1"/>
        <tile collision="0" data="" durations="100" frames="147" id="147" order="-1"/>
        <tile collision="0" data="" durations="100" frames="148" id="148" order="-1"/>
        <tile collision="0" data="" durations="100" frames="149" id="149" order="-1"/>
        <tile collision="0" data="" durations="100" frames="150" id="150" order="-1"/>
        <tile collision="0" data="" durations="100" frames="151" id="151" order="-1"/>
        <tile collision="0" data="" durations="100" frames="152" id="152" order="-1"/>
        <tile collision="0" data="" durations="100" frames="153" id="153" order="-1"/>
        <tile collision="0" data="" durations="100" frames="154" id="154" order="-1"/>
        <tile collision="0" data="" durations="100" frames="155" id="155" order="-1"/>
        <tile collision="0" data="" durations="100" frames="156" id="156" order="-1"/>
        <tile collision="0" data="" durations="100" frames="157" id="157" order="-1"/>
        <tile collision="0" data="" durations="100" frames="158" id="158" order="-1"/>
        <tile collision="0" data="" durations="100" frames="159" id="159" order="-1"/>
        <tile collision="0" data="" durations="100" frames="160" id="160" order="-1"/>
        <tile collision="0" data="" durations="100" frames="161" id="161" order="-1"/>
        <tile collision="0" data="" durations="100" frames="162" id="162" order="-1"/>
        <tile collision="0" data="" durations="100" frames="163" id="163" order="-1"/>
        <tile collision="0" data="" durations="100" frames="164" id="164" order="-1"/>
        <tile collision="0" data="" durations="100" frames="165" id="165" order="-1"/>
        <tile collision="0" data="" durations="100" frames="166" id="166" order="-1"/>
        <tile collision="0" data="" durations="100" frames="167" id="167" order="-1"/>
        <tile collision="0" data="" durations="100" frames="168" id="168" order="-1"/>
        <tile collision="0" data="" durations="100" frames="169" id="169" order="-1"/>
        <tile collision="0" data="" durations="100" frames="170" id="170" order="-1"/>
        <tile collision="0" data="" durations="100" frames="171" id="171" order="-1"/>
        <tile collision="0" data="" durations="100" frames="172" id="172" order="-1"/>
        <tile collision="0" data="" durations="100" frames="173" id="173" order="-1"/>
        <tile collision="0" data="" durations="100" frames="174" id="174" order="-1"/>
        <tile collision="0" data="" durations="100" frames="175" id="175" order="-1"/>
        <tile collision="0" data="" durations="100" frames="176" id="176" order="-1"/>
        <tile collision="0" data="" durations="100" frames="177" id="177" order="-1"/>
        <tile collision="0" data="" durations="100" frames="178" id="178" order="-1"/>
        <tile collision="0" data="" durations="100" frames="179" id="179" order="-1"/>
        <tile collision="0" data="" durations="100" frames="180" id="180" order="-1"/>
        <tile collision="0" data="" durations="100" frames="181" id="181" order="-1"/>
        <tile collision="0" data="" durations="100" frames="182" id="182" order="-1"/>
        <tile collision="0" data="" durations="100" frames="183" id="183" order="-1"/>
        <tile collision="0" data="" durations="100" frames="184" id="184" order="-1"/>
        <tile collision="0" data="" durations="100" frames="185" id="185" order="-1"/>
        <tile collision="0" data="" durations="100" frames="186" id="186" order="-1"/>
        <tile collision="0" data="" durations="100" frames="187" id="187" order="-1"/>
        <tile collision="0" data="" durations="100" frames="188" id="188" order="-1"/>
        <tile collision="0" data="" durations="100" frames="189" id="189" order="-1"/>
        <tile collision="0" data="" durations="100" frames="190" id="190" order="-1"/>
        <tile collision="0" data="" durations="100" frames="191" id="191" order="-1"/>
        <tile collision="0" data="" durations="100" frames="192" id="192" order="-1"/>
        <tile collision="0" data="" durations="100" frames="193" id="193" order="-1"/>
        <tile collision="0" data="" durations="100" frames="194" id="194" order="-1"/>
        <tile collision="0" data="" durations="100" frames="195" id="195" order="-1"/>
        <tile collision="0" data="" durations="100" frames="196" id="196" order="-1"/>
        <tile collision="0" data="" durations="100" frames="197" id="197" order="-1"/>
        <tile collision="0" data="" durations="100" frames="198" id="198" order="-1"/>
        <tile collision="0" data="" durations="100" frames="199" id="199" order="-1"/>
        <tile collision="0" data="" durations="100" frames="200" id="200" order="-1"/>
        <tile collision="0" data="" durations="100" frames="201" id="201" order="-1"/>
        <tile collision="0" data="" durations="100" frames="202" id="202" order="-1"/>
        <tile collision="0" data="" durations="100" frames="203" id="203" order="-1"/>
        <tile collision="0" data="" durations="100" frames="204" id="204" order="-1"/>
        <tile collision="0" data="" durations="100" frames="205" id="205" order="-1"/>
        <tile collision="0" data="" durations="100" frames="206" id="206" order="-1"/>
        <tile collision="0" data="" durations="100" frames="207" id="207" order="-1"/>
        <tile collision="0" data="" durations="100" frames="208" id="208" order="-1"/>
        <tile collision="0" data="" durations="100" frames="209" id="209" order="-1"/>
        <tile collision="0" data="" durations="100" frames="210" id="210" order="-1"/>
        <tile collision="0" data="" durations="100" frames="211" id="211" order="-1"/>
        <tile collision="0" data="" durations="100" frames="212" id="212" order="-1"/>
        <tile collision="0" data="" durations="100" frames="213" id="213" order="-1"/>
        <tile collision="0" data="" durations="100" frames="214" id="214" order="-1"/>
        <tile collision="0" data="" durations="100" frames="215" id="215" order="-1"/>
        <tile collision="0" data="" durations="100" frames="216" id="216" order="-1"/>
        <tile collision="0" data="" durations="100" frames="217" id="217" order="-1"/>
        <tile collision="0" data="" durations="100" frames="218" id="218" order="-1"/>
        <tile collision="0" data="" durations="100" frames="219" id="219" order="-1"/>
        <tile collision="0" data="" durations="100" frames="220" id="220" order="-1"/>
        <tile collision="0" data="" durations="100" frames="221" id="221" order="-1"/>
        <tile collision="0" data="" durations="100" frames="222" id="222" order="-1"/>
        <tile collision="0" data="" durations="100" frames="223" id="223" order="-1"/>
        <tile collision="0" data="" durations="100" frames="224" id="224" order="-1"/>
        <tile collision="0" data="" durations="100" frames="225" id="225" order="-1"/>
        <tile collision="0" data="" durations="100" frames="226" id="226" order="-1"/>
        <tile collision="0" data="" durations="100" frames="227" id="227" order="-1"/>
        <tile collision="0" data="" durations="100" frames="228" id="228" order="-1"/>
        <tile collision="0" data="" durations="100" frames="229" id="229" order="-1"/>
        <tile collision="0" data="" durations="100" frames="230" id="230" order="-1"/>
        <tile collision="0" data="" durations="100" frames="231" id="231" order="-1"/>
        <tile collision="0" data="" durations="100" frames="232" id="232" order="-1"/>
        <tile collision="0" data="" durations="100" frames="233" id="233" order="-1"/>
        <tile collision="0" data="" durations="100" frames="234" id="234" order="-1"/>
        <tile collision="0" data="" durations="100" frames="235" id="235" order="-1"/>
        <tile collision="0" data="" durations="100" frames="236" id="236" order="-1"/>
        <tile collision="0" data="" durations="100" frames="237" id="237" order="-1"/>
        <tile collision="0" data="" durations="100" frames="238" id="238" order="-1"/>
        <tile collision="0" data="" durations="100" frames="239" id="239" order="-1"/>
        <tile collision="0" data="" durations="100" frames="240" id="240" order="-1"/>
        <tile collision="0" data="" durations="100" frames="241" id="241" order="-1"/>
        <tile collision="0" data="" durations="100" frames="242" id="242" order="-1"/>
        <tile collision="0" data="" durations="100" frames="243" id="243" order="-1"/>
        <tile collision="0" data="" durations="100" frames="244" id="244" order="-1"/>
        <tile collision="0" data="" durations="100" frames="245" id="245" order="-1"/>
        <tile collision="0" data="" durations="100" frames="246" id="246" order="-1"/>
        <tile collision="0" data="" durations="100" frames="247" id="247" order="-1"/>
        <tile collision="0" data="" durations="100" frames="248" id="248" order="-1"/>
        <tile collision="0" data="" durations="100" frames="249" id="249" order="-1"/>
        <tile collision="0" data="" durations="100" frames="250" id="250" order="-1"/>
        <tile collision="0" data="" durations="100" frames="251" id="251" order="-1"/>
        <tile collision="0" data="" durations="100" frames="252" id="252" order="-1"/>
        <tile collision="0" data="" durations="100" frames="253" id="253" order="-1"/>
        <tile collision="0" data="" durations="100" frames="254" id="254" order="-1"/>
        <tile collision="0" data="" durations="100" frames="255" id="255" order="-1"/>
        <tile collision="0" data="" durations="100" frames="256" id="256" order="-1"/>
        <tile collision="0" data="" durations="100" frames="257" id="257" order="-1"/>
        <tile collision="0" data="" durations="100" frames="258" id="258" order="-1"/>
        <tile collision="0" data="" durations="100" frames="259" id="259" order="-1"/>
        <tile collision="0" data="" durations="100" frames="260" id="260" order="-1"/>
        <tile collision="0" data="" durations="100" frames="261" id="261" order="-1"/>
        <tile collision="0" data="" durations="100" frames="262" id="262" order="-1"/>
        <tile collision="0" data="" durations="100" frames="263" id="263" order="-1"/>
        <tile collision="0" data="" durations="100" frames="264" id="264" order="-1"/>
        <tile collision="0" data="" durations="100" frames="265" id="265" order="-1"/>
        <tile collision="0" data="" durations="100" frames="266" id="266" order="-1"/>
        <tile collision="0" data="" durations="100" frames="267" id="267" order="-1"/>
        <tile collision="0" data="" durations="100" frames="268" id="268" order="-1"/>
        <tile collision="0" data="" durations="100" frames="269" id="269" order="-1"/>
        <tile collision="0" data="" durations="100" frames="270" id="270" order="-1"/>
        <tile collision="0" data="" durations="100" frames="271" id="271" order="-1"/>
        <tile collision="0" data="" durations="100" frames="272" id="272" order="-1"/>
        <tile collision="0" data="" durations="100" frames="273" id="273" order="-1"/>
        <tile collision="0" data="" durations="100" frames="274" id="274" order="-1"/>
        <tile collision="0" data="" durations="100" frames="275" id="275" order="-1"/>
        <tile collision="0" data="" durations="100" frames="276" id="276" order="-1"/>
        <tile collision="0" data="" durations="100" frames="277" id="277" order="-1"/>
        <tile collision="0" data="" durations="100" frames="278" id="278" order="-1"/>
        <tile collision="0" data="" durations="100" frames="279" id="279" order="-1"/>
        <tile collision="0" data="" durations="100" frames="280" id="280" order="-1"/>
        <tile collision="0" data="" durations="100" frames="281" id="281" order="-1"/>
        <tile collision="0" data="" durations="100" frames="282" id="282" order="-1"/>
        <tile collision="0" data="" durations="100" frames="283" id="283" order="-1"/>
        <tile collision="0" data="" durations="100" frames="284" id="284" order="-1"/>
        <tile collision="0" data="" durations="100" frames="285" id="285" order="-1"/>
        <tile collision="0" data="" durations="100" frames="286" id="286" order="-1"/>
        <tile collision="0" data="" durations="100" frames="287" id="287" order="-1"/>
        <tile collision="0" data="" durations="100" frames="288" id="288" order="-1"/>
        <tile collision="0" data="" durations="100" frames="289" id="289" order="-1"/>
        <tile collision="0" data="" durations="100" frames="290" id="290" order="-1"/>
        <tile collision="0" data="" durations="100" frames="291" id="291" order="-1"/>
        <tile collision="0" data="" durations="100" frames="292" id="292" order="-1"/>
        <tile collision="0" data="" durations="100" frames="293" id="293" order="-1"/>
        <tile collision="0" data="" durations="100" frames="294" id="294" order="-1"/>
        <tile collision="0" data="" durations="100" frames="295" id="295" order="-1"/>
        <tile collision="0" data="" durations="100" frames="296" id="296" order="-1"/>
        <tile collision="0" data="" durations="100" frames="297" id="297" order="-1"/>
        <tile collision="0" data="" durations="100" frames="298" id="298" order="-1"/>
        <tile collision="0" data="" durations="100" frames="299" id="299" order="-1"/>
        <tile collision="0" data="" durations="100" frames="300" id="300" order="-1"/>
        <tile collision="0" data="" durations="100" frames="301" id="301" order="-1"/>
        <tile collision="0" data="" durations="100" frames="302" id="302" order="-1"/>
        <tile collision="0" data="" durations="100" frames="303" id="303" order="-1"/>
        <tile collision="0" data="" durations="100" frames="304" id="304" order="-1"/>
        <tile collision="0" data="" durations="100" frames="305" id="305" order="-1"/>
        <tile collision="0" data="" durations="100" frames="306" id="306" order="-1"/>
        <tile collision="0" data="" durations="100" frames="307" id="307" order="-1"/>
        <tile collision="0" data="" durations="100" frames="308" id="308" order="-1"/>
        <tile collision="0" data="" durations="100" frames="309" id="309" order="-1"/>
        <tile collision="0" data="" durations="100" frames="310" id="310" order="-1"/>
        <tile collision="0" data="" durations="100" frames="311" id="311" order="-1"/>
        <tile collision="0" data="" durations="100" frames="312" id="312" order="-1"/>
        <tile collision="0" data="" durations="100" frames="313" id="313" order="-1"/>
        <tile collision="0" data="" durations="100" frames="314" id="314" order="-1"/>
        <tile collision="0" data="" durations="100" frames="315" id="315" order="-1"/>
        <tile collision="0" data="" durations="100" frames="316" id="316" order="-1"/>
        <tile collision="0" data="" durations="100" frames="317" id="317" order="-1"/>
        <tile collision="0" data="" durations="100" frames="318" id="318" order="-1"/>
        <tile collision="0" data="" durations="100" frames="319" id="319" order="-1"/>
        <tile collision="0" data="" durations="100" frames="320" id="320" order="-1"/>
        <tile collision="0" data="" durations="100" frames="321" id="321" order="-1"/>
        <tile collision="0" data="" durations="100" frames="322" id="322" order="-1"/>
        <tile collision="0" data="" durations="100" frames="323" id="323" order="-1"/>
        <tile collision="0" data="" durations="100" frames="324" id="324" order="-1"/>
        <tile collision="0" data="" durations="100" frames="325" id="325" order="-1"/>
        <tile collision="0" data="" durations="100" frames="326" id="326" order="-1"/>
        <tile collision="0" data="" durations="100" frames="327" id="327" order="-1"/>
        <tile collision="0" data="" durations="100" frames="328" id="328" order="-1"/>
        <tile collision="0" data="" durations="100" frames="329" id="329" order="-1"/>
        <tile collision="0" data="" durations="100" frames="330" id="330" order="-1"/>
        <tile collision="0" data="" durations="100" frames="331" id="331" order="-1"/>
        <tile collision="0" data="" durations="100" frames="332" id="332" order="-1"/>
        <tile collision="0" data="" durations="100" frames="333" id="333" order="-1"/>
        <tile collision="0" data="" durations="100" frames="334" id="334" order="-1"/>
        <tile collision="0" data="" durations="100" frames="335" id="335" order="-1"/>
        <tile collision="0" data="" durations="100" frames="336" id="336" order="-1"/>
        <tile collision="0" data="" durations="100" frames="337" id="337" order="-1"/>
        <tile collision="0" data="" durations="100" frames="338" id="338" order="-1"/>
        <tile collision="0" data="" durations="100" frames="339" id="339" order="-1"/>
        <tile collision="0" data="" durations="100" frames="340" id="340" order="-1"/>
        <tile collision="0" data="" durations="100" frames="341" id="341" order="-1"/>
        <tile collision="0" data="" durations="100" frames="342" id="342" order="-1"/>
        <tile collision="0" data="" durations="100" frames="343" id="343" order="-1"/>
        <tile collision="0" data="" durations="100" frames="344" id="344" order="-1"/>
        <tile collision="0" data="" durations="100" frames="345" id="345" order="-1"/>
        <tile collision="0" data="" durations="100" frames="346" id="346" order="-1"/>
        <tile collision="0" data="" durations="100" frames="347" id="347" order="-1"/>
        <tile collision="0" data="" durations="100" frames="348" id="348" order="-1"/>
        <tile collision="0" data="" durations="100" frames="349" id="349" order="-1"/>
        <tile collision="0" data="" durations="100" frames="350" id="350" order="-1"/>
        <tile collision="0" data="" durations="100" frames="351" id="351" order="-1"/>
        <tile collision="0" data="" durations="100" frames="352" id="352" order="-1"/>
        <tile collision="0" data="" durations="100" frames="353" id="353" order="-1"/>
        <tile collision="0" data="" durations="100" frames="354" id="354" order="-1"/>
        <tile collision="0" data="" durations="100" frames="355" id="355" order="-1"/>
        <tile collision="0" data="" durations="100" frames="356" id="356" order="-1"/>
        <tile collision="0" data="" durations="100" frames="357" id="357" order="-1"/>
        <tile collision="0" data="" durations="100" frames="358" id="358" order="-1"/>
        <tile collision="0" data="" durations="100" frames="359" id="359" order="-1"/>
        <tile collision="0" data="" durations="100" frames="360" id="360" order="-1"/>
        <tile collision="0" data="" durations="100" frames="361" id="361" order="-1"/>
        <tile collision="0" data="" durations="100" frames="362" id="362" order="-1"/>
        <tile collision="0" data="" durations="100" frames="363" id="363" order="-1"/>
        <tile collision="0" data="" durations="100" frames="364" id="364" order="-1"/>
        <tile collision="0" data="" durations="100" frames="365" id="365" order="-1"/>
        <tile collision="0" data="" durations="100" frames="366" id="366" order="-1"/>
        <tile collision="0" data="" durations="100" frames="367" id="367" order="-1"/>
        <tile collision="0" data="" durations="100" frames="368" id="368" order="-1"/>
        <tile collision="0" data="" durations="100" frames="369" id="369" order="-1"/>
        <tile collision="0" data="" durations="100" frames="370" id="370" order="-1"/>
        <tile collision="0" data="" durations="100" frames="371" id="371" order="-1"/>
        <tile collision="0" data="" durations="100" frames="372" id="372" order="-1"/>
        <tile collision="0" data="" durations="100" frames="373" id="373" order="-1"/>
        <tile collision="0" data="" durations="100" frames="374" id="374" order="-1"/>
        <tile collision="0" data="" durations="100" frames="375" id="375" order="-1"/>
        <tile collision="0" data="" durations="100" frames="376" id="376" order="-1"/>
        <tile collision="0" data="" durations="100" frames="377" id="377" order="-1"/>
        <tile collision="0" data="" durations="100" frames="378" id="378" order="-1"/>
        <tile collision="0" data="" durations="100" frames="379" id="379" order="-1"/>
        <tile collision="0" data="" durations="100" frames="380" id="380" order="-1"/>
        <tile collision="0" data="" durations="100" frames="381" id="381" order="-1"/>
        <tile collision="0" data="" durations="100" frames="382" id="382" order="-1"/>
        <tile collision="0" data="" durations="100" frames="383" id="383" order="-1"/>
        <tile collision="0" data="" durations="100" frames="384" id="384" order="-1"/>
        <tile collision="0" data="" durations="100" frames="385" id="385" order="-1"/>
        <tile collision="0" data="" durations="100" frames="386" id="386" order="-1"/>
        <tile collision="0" data="" durations="100" frames="387" id="387" order="-1"/>
        <tile collision="0" data="" durations="100" frames="388" id="388" order="-1"/>
        <tile collision="0" data="" durations="100" frames="389" id="389" order="-1"/>
        <tile collision="0" data="" durations="100" frames="390" id="390" order="-1"/>
        <tile collision="0" data="" durations="100" frames="391" id="391" order="-1"/>
        <tile collision="0" data="" durations="100" frames="392" id="392" order="-1"/>
        <tile collision="0" data="" durations="100" frames="393" id="393" order="-1"/>
        <tile collision="0" data="" durations="100" frames="394" id="394" order="-1"/>
        <tile collision="0" data="" durations="100" frames="395" id="395" order="-1"/>
        <tile collision="0" data="" durations="100" frames="396" id="396" order="-1"/>
        <tile collision="0" data="" durations="100" frames="397" id="397" order="-1"/>
        <tile collision="0" data="" durations="100" frames="398" id="398" order="-1"/>
        <tile collision="0" data="" durations="100" frames="399" id="399" order="-1"/>
        <tile collision="0" data="" durations="100" frames="400" id="400" order="-1"/>
        <tile collision="0" data="" durations="100" frames="401" id="401" order="-1"/>
        <tile collision="0" data="" durations="100" frames="402" id="402" order="-1"/>
        <tile collision="0" data="" durations="100" frames="403" id="403" order="-1"/>
        <tile collision="0" data="" durations="100" frames="404" id="404" order="-1"/>
        <tile collision="0" data="" durations="100" frames="405" id="405" order="-1"/>
        <tile collision="0" data="" durations="100" frames="406" id="406" order="-1"/>
        <tile collision="0" data="" durations="100" frames="407" id="407" order="-1"/>
        <tile collision="0" data="" durations="100" frames="408" id="408" order="-1"/>
        <tile collision="0" data="" durations="100" frames="409" id="409" order="-1"/>
        <tile collision="0" data="" durations="100" frames="410" id="410" order="-1"/>
        <tile collision="0" data="" durations="100" frames="411" id="411" order="-1"/>
        <tile collision="0" data="" durations="100" frames="412" id="412" order="-1"/>
        <tile collision="0" data="" durations="100" frames="413" id="413" order="-1"/>
        <tile collision="0" data="" durations="100" frames="414" id="414" order="-1"/>
        <tile collision="0" data="" durations="100" frames="415" id="415" order="-1"/>
        <tile collision="0" data="" durations="100" frames="416" id="416" order="-1"/>
        <tile collision="0" data="" durations="100" frames="417" id="417" order="-1"/>
        <tile collision="0" data="" durations="100" frames="418" id="418" order="-1"/>
        <tile collision="0" data="" durations="100" frames="419" id="419" order="-1"/>
        <tile collision="0" data="" durations="100" frames="420" id="420" order="-1"/>
        <tile collision="0" data="" durations="100" frames="421" id="421" order="-1"/>
        <tile collision="0" data="" durations="100" frames="422" id="422" order="-1"/>
        <tile collision="0" data="" durations="100" frames="423" id="423" order="-1"/>
        <tile collision="0" data="" durations="100" frames="424" id="424" order="-1"/>
        <tile collision="0" data="" durations="100" frames="425" id="425" order="-1"/>
        <tile collision="0" data="" durations="100" frames="426" id="426" order="-1"/>
        <tile collision="0" data="" durations="100" frames="427" id="427" order="-1"/>
        <tile collision="0" data="" durations="100" frames="428" id="428" order="-1"/>
        <tile collision="0" data="" durations="100" frames="429" id="429" order="-1"/>
        <tile collision="0" data="" durations="100" frames="430" id="430" order="-1"/>
        <tile collision="0" data="" durations="100" frames="431" id="431" order="-1"/>
        <tile collision="0" data="" durations="100" frames="432" id="432" order="-1"/>
        <tile collision="0" data="" durations="100" frames="433" id="433" order="-1"/>
        <tile collision="0" data="" durations="100" frames="434" id="434" order="-1"/>
        <tile collision="0" data="" durations="100" frames="435" id="435" order="-1"/>
        <tile collision="0" data="" durations="100" frames="436" id="436" order="-1"/>
        <tile collision="0" data="" durations="100" frames="437" id="437" order="-1"/>
        <tile collision="0" data="" durations="100" frames="438" id="438" order="-1"/>
        <tile collision="0" data="" durations="100" frames="439" id="439" order="-1"/>
        <tile collision="0" data="" durations="100" frames="440" id="440" order="-1"/>
        <tile collision="0" data="" durations="100" frames="441" id="441" order="-1"/>
        <tile collision="0" data="" durations="100" frames="442" id="442" order="-1"/>
        <tile collision="0" data="" durations="100" frames="443" id="443" order="-1"/>
        <tile collision="0" data="" durations="100" frames="444" id="444" order="-1"/>
        <tile collision="0" data="" durations="100" frames="445" id="445" order="-1"/>
        <tile collision="0" data="" durations="100" frames="446" id="446" order="-1"/>
        <tile collision="0" data="" durations="100" frames="447" id="447" order="-1"/>
        <tile collision="0" data="" durations="100" frames="448" id="448" order="-1"/>
        <tile collision="0" data="" durations="100" frames="449" id="449" order="-1"/>
        <tile collision="0" data="" durations="100" frames="450" id="450" order="-1"/>
        <tile collision="0" data="" durations="100" frames="451" id="451" order="-1"/>
        <tile collision="0" data="" durations="100" frames="452" id="452" order="-1"/>
        <tile collision="0" data="" durations="100" frames="453" id="453" order="-1"/>
        <tile collision="0" data="" durations="100" frames="454" id="454" order="-1"/>
        <tile collision="0" data="" durations="100" frames="455" id="455" order="-1"/>
        <tile collision="0" data="" durations="100" frames="456" id="456" order="-1"/>
        <tile collision="0" data="" durations="100" frames="457" id="457" order="-1"/>
        <tile collision="0" data="" durations="100" frames="458" id="458" order="-1"/>
        <tile collision="0" data="" durations="100" frames="459" id="459" order="-1"/>
        <tile collision="0" data="" durations="100" frames="460" id="460" order="-1"/>
        <tile collision="0" data="" durations="100" frames="461" id="461" order="-1"/>
        <tile collision="0" data="" durations="100" frames="462" id="462" order="-1"/>
        <tile collision="0" data="" durations="100" frames="463" id="463" order="-1"/>
        <tile collision="0" data="" durations="100" frames="464" id="464" order="-1"/>
        <tile collision="0" data="" durations="100" frames="465" id="465" order="-1"/>
        <tile collision="0" data="" durations="100" frames="466" id="466" order="-1"/>
        <tile collision="0" data="" durations="100" frames="467" id="467" order="-1"/>
        <tile collision="0" data="" durations="100" frames="468" id="468" order="-1"/>
        <tile collision="0" data="" durations="100" frames="469" id="469" order="-1"/>
        <tile collision="0" data="" durations="100" frames="470" id="470" order="-1"/>
        <tile collision="0" data="" durations="100" frames="471" id="471" order="-1"/>
        <tile collision="0" data="" durations="100" frames="472" id="472" order="-1"/>
        <tile collision="0" data="" durations="100" frames="473" id="473" order="-1"/>
        <tile collision="0" data="" durations="100" frames="474" id="474" order="-1"/>
        <tile collision="0" data="" durations="100" frames="475" id="475" order="-1"/>
        <tile collision="0" data="" durations="100" frames="476" id="476" order="-1"/>
        <tile collision="0" data="" durations="100" frames="477" id="477" order="-1"/>
        <tile collision="0" data="" durations="100" frames="478" id="478" order="-1"/>
        <tile collision="0" data="" durations="100" frames="479" id="479" order="-1"/>
        <tile collision="0" data="" durations="100" frames="480" id="480" order="-1"/>
        <tile collision="0" data="" durations="100" frames="481" id="481" order="-1"/>
        <tile collision="0" data="" durations="100" frames="482" id="482" order="-1"/>
        <tile collision="0" data="" durations="100" frames="483" id="483" order="-1"/>
        <tile collision="0" data="" durations="100" frames="484" id="484" order="-1"/>
        <tile collision="0" data="" durations="100" frames="485" id="485" order="-1"/>
        <tile collision="0" data="" durations="100" frames="486" id="486" order="-1"/>
        <tile collision="0" data="" durations="100" frames="487" id="487" order="-1"/>
        <tile collision="0" data="" durations="100" frames="488" id="488" order="-1"/>
        <tile collision="0" data="" durations="100" frames="489" id="489" order="-1"/>
        <tile collision="0" data="" durations="100" frames="490" id="490" order="-1"/>
        <tile collision="0" data="" durations="100" frames="491" id="491" order="-1"/>
        <tile collision="0" data="" durations="100" frames="492" id="492" order="-1"/>
        <tile collision="0" data="" durations="100" frames="493" id="493" order="-1"/>
        <tile collision="0" data="" durations="100" frames="494" id="494" order="-1"/>
        <tile collision="0" data="" durations="100" frames="495" id="495" order="-1"/>
        <tile collision="0" data="" durations="100" frames="496" id="496" order="-1"/>
        <tile collision="0" data="" durations="100" frames="497" id="497" order="-1"/>
        <tile collision="0" data="" durations="100" frames="498" id="498" order="-1"/>
        <tile collision="0" data="" durations="100" frames="499" id="499" order="-1"/>
        <tile collision="0" data="" durations="100" frames="500" id="500" order="-1"/>
        <tile collision="0" data="" durations="100" frames="501" id="501" order="-1"/>
        <tile collision="0" data="" durations="100" frames="502" id="502" order="-1"/>
        <tile collision="0" data="" durations="100" frames="503" id="503" order="-1"/>
        <tile collision="0" data="" durations="100" frames="504" id="504" order="-1"/>
        <tile collision="0" data="" durations="100" frames="505" id="505" order="-1"/>
        <tile collision="0" data="" durations="100" frames="506" id="506" order="-1"/>
        <tile collision="0" data="" durations="100" frames="507" id="507" order="-1"/>
        <tile collision="0" data="" durations="100" frames="508" id="508" order="-1"/>
        <tile collision="0" data="" durations="100" frames="509" id="509" order="-1"/>
        <tile collision="0" data="" durations="100" frames="510" id="510" order="-1"/>
        <tile collision="0" data="" durations="100" frames="511" id="511" order="-1"/>
        <tile collision="0" data="" durations="100" frames="512" id="512" order="-1"/>
        <tile collision="0" data="" durations="100" frames="513" id="513" order="-1"/>
        <tile collision="0" data="" durations="100" frames="514" id="514" order="-1"/>
        <tile collision="0" data="" durations="100" frames="515" id="515" order="-1"/>
        <tile collision="0" data="" durations="100" frames="516" id="516" order="-1"/>
        <tile collision="0" data="" durations="100" frames="517" id="517" order="-1"/>
        <tile collision="0" data="" durations="100" frames="518" id="518" order="-1"/>
        <tile collision="0" data="" durations="100" frames="519" id="519" order="-1"/>
        <tile collision="0" data="" durations="100" frames="520" id="520" order="-1"/>
        <tile collision="0" data="" durations="100" frames="521" id="521" order="-1"/>
        <tile collision="0" data="" durations="100" frames="522" id="522" order="-1"/>
        <tile collision="0" data="" durations="100" frames="523" id="523" order="-1"/>
        <tile collision="0" data="" durations="100" frames="524" id="524" order="-1"/>
        <tile collision="0" data="" durations="100" frames="525" id="525" order="-1"/>
        <tile collision="0" data="" durations="100" frames="526" id="526" order="-1"/>
        <tile collision="0" data="" durations="100" frames="527" id="527" order="-1"/>
        <tile collision="0" data="" durations="100" frames="528" id="528" order="-1"/>
        <tile collision="0" data="" durations="100" frames="529" id="529" order="-1"/>
        <tile collision="0" data="" durations="100" frames="530" id="530" order="-1"/>
        <tile collision="0" data="" durations="100" frames="531" id="531" order="-1"/>
        <tile collision="0" data="" durations="100" frames="532" id="532" order="-1"/>
        <tile collision="0" data="" durations="100" frames="533" id="533" order="-1"/>
        <tile collision="0" data="" durations="100" frames="534" id="534" order="-1"/>
        <tile collision="0" data="" durations="100" frames="535" id="535" order="-1"/>
        <tile collision="0" data="" durations="100" frames="536" id="536" order="-1"/>
        <tile collision="0" data="" durations="100" frames="537" id="537" order="-1"/>
        <tile collision="0" data="" durations="100" frames="538" id="538" order="-1"/>
        <tile collision="0" data="" durations="100" frames="539" id="539" order="-1"/>
        <tile collision="0" data="" durations="100" frames="540" id="540" order="-1"/>
        <tile collision="0" data="" durations="100" frames="541" id="541" order="-1"/>
        <tile collision="0" data="" durations="100" frames="542" id="542" order="-1"/>
        <tile collision="0" data="" durations="100" frames="543" id="543" order="-1"/>
        <tile collision="0" data="" durations="100" frames="544" id="544" order="-1"/>
        <tile collision="0" data="" durations="100" frames="545" id="545" order="-1"/>
        <tile collision="0" data="" durations="100" frames="546" id="546" order="-1"/>
        <tile collision="0" data="" durations="100" frames="547" id="547" order="-1"/>
        <tile collision="0" data="" durations="100" frames="548" id="548" order="-1"/>
        <tile collision="0" data="" durations="100" frames="549" id="549" order="-1"/>
        <tile collision="0" data="" durations="100" frames="550" id="550" order="-1"/>
        <tile collision="0" data="" durations="100" frames="551" id="551" order="-1"/>
        <tile collision="0" data="" durations="100" frames="552" id="552" order="-1"/>
        <tile collision="0" data="" durations="100" frames="553" id="553" order="-1"/>
        <tile collision="0" data="" durations="100" frames="554" id="554" order="-1"/>
        <tile collision="0" data="" durations="100" frames="555" id="555" order="-1"/>
        <tile collision="0" data="" durations="100" frames="556" id="556" order="-1"/>
        <tile collision="0" data="" durations="100" frames="557" id="557" order="-1"/>
        <tile collision="0" data="" durations="100" frames="558" id="558" order="-1"/>
        <tile collision="0" data="" durations="100" frames="559" id="559" order="-1"/>
        <tile collision="0" data="" durations="100" frames="560" id="560" order="-1"/>
        <tile collision="0" data="" durations="100" frames="561" id="561" order="-1"/>
        <tile collision="0" data="" durations="100" frames="562" id="562" order="-1"/>
        <tile collision="0" data="" durations="100" frames="563" id="563" order="-1"/>
        <tile collision="0" data="" durations="100" frames="564" id="564" order="-1"/>
        <tile collision="0" data="" durations="100" frames="565" id="565" order="-1"/>
        <tile collision="0" data="" durations="100" frames="566" id="566" order="-1"/>
        <tile collision="0" data="" durations="100" frames="567" id="567" order="-1"/>
        <tile collision="0" data="" durations="100" frames="568" id="568" order="-1"/>
        <tile collision="0" data="" durations="100" frames="569" id="569" order="-1"/>
        <tile collision="0" data="" durations="100" frames="570" id="570" order="-1"/>
        <tile collision="0" data="" durations="100" frames="571" id="571" order="-1"/>
        <tile collision="0" data="" durations="100" frames="572" id="572" order="-1"/>
        <tile collision="0" data="" durations="100" frames="573" id="573" order="-1"/>
        <tile collision="0" data="" durations="100" frames="574" id="574" order="-1"/>
        <tile collision="0" data="" durations="100" frames="575" id="575" order="-1"/>
        <tile collision="0" data="" durations="100" frames="576" id="576" order="-1"/>
        <tile collision="0" data="" durations="100" frames="577" id="577" order="-1"/>
        <tile collision="0" data="" durations="100" frames="578" id="578" order="-1"/>
        <tile collision="0" data="" durations="100" frames="579" id="579" order="-1"/>
        <tile collision="0" data="" durations="100" frames="580" id="580" order="-1"/>
        <tile collision="0" data="" durations="100" frames="581" id="581" order="-1"/>
        <tile collision="0" data="" durations="100" frames="582" id="582" order="-1"/>
        <tile collision="0" data="" durations="100" frames="583" id="583" order="-1"/>
        <tile collision="0" data="" durations="100" frames="584" id="584" order="-1"/>
        <tile collision="0" data="" durations="100" frames="585" id="585" order="-1"/>
        <tile collision="0" data="" durations="100" frames="586" id="586" order="-1"/>
        <tile collision="0" data="" durations="100" frames="587" id="587" order="-1"/>
        <tile collision="0" data="" durations="100" frames="588" id="588" order="-1"/>
        <tile collision="0" data="" durations="100" frames="589" id="589" order="-1"/>
        <tile collision="0" data="" durations="100" frames="590" id="590" order="-1"/>
        <tile collision="0" data="" durations="100" frames="591" id="591" order="-1"/>
        <tile collision="0" data="" durations="100" frames="592" id="592" order="-1"/>
        <tile collision="0" data="" durations="100" frames="593" id="593" order="-1"/>
        <tile collision="0" data="" durations="100" frames="594" id="594" order="-1"/>
        <tile collision="0" data="" durations="100" frames="595" id="595" order="-1"/>
        <tile collision="0" data="" durations="100" frames="596" id="596" order="-1"/>
        <tile collision="0" data="" durations="100" frames="597" id="597" order="-1"/>
        <tile collision="0" data="" durations="100" frames="598" id="598" order="-1"/>
        <tile collision="0" data="" durations="100" frames="599" id="599" order="-1"/>
        <tile collision="0" data="" durations="100" frames="600" id="600" order="-1"/>
        <tile collision="0" data="" durations="100" frames="601" id="601" order="-1"/>
        <tile collision="0" data="" durations="100" frames="602" id="602" order="-1"/>
        <tile collision="0" data="" durations="100" frames="603" id="603" order="-1"/>
        <tile collision="0" data="" durations="100" frames="604" id="604" order="-1"/>
        <tile collision="0" data="" durations="100" frames="605" id="605" order="-1"/>
        <tile collision="0" data="" durations="100" frames="606" id="606" order="-1"/>
        <tile collision="0" data="" durations="100" frames="607" id="607" order="-1"/>
        <tile collision="0" data="" durations="100" frames="608" id="608" order="-1"/>
        <tile collision="0" data="" durations="100" frames="609" id="609" order="-1"/>
        <tile collision="0" data="" durations="100" frames="610" id="610" order="-1"/>
        <tile collision="0" data="" durations="100" frames="611" id="611" order="-1"/>
        <tile collision="0" data="" durations="100" frames="612" id="612" order="-1"/>
        <tile collision="0" data="" durations="100" frames="613" id="613" order="-1"/>
        <tile collision="0" data="" durations="100" frames="614" id="614" order="-1"/>
        <tile collision="0" data="" durations="100" frames="615" id="615" order="-1"/>
        <tile collision="0" data="" durations="100" frames="616" id="616" order="-1"/>
        <tile collision="0" data="" durations="100" frames="617" id="617" order="-1"/>
        <tile collision="0" data="" durations="100" frames="618" id="618" order="-1"/>
        <tile collision="0" data="" durations="100" frames="619" id="619" order="-1"/>
        <tile collision="0" data="" durations="100" frames="620" id="620" order="-1"/>
        <tile collision="0" data="" durations="100" frames="621" id="621" order="-1"/>
        <tile collision="0" data="" durations="100" frames="622" id="622" order="-1"/>
        <tile collision="0" data="" durations="100" frames="623" id="623" order="-1"/>
        <tile collision="0" data="" durations="100" frames="624" id="624" order="-1"/>
        <tile collision="0" data="" durations="100" frames="625" id="625" order="-1"/>
        <tile collision="0" data="" durations="100" frames="626" id="626" order="-1"/>
        <tile collision="0" data="" durations="100" frames="627" id="627" order="-1"/>
        <tile collision="0" data="" durations="100" frames="628" id="628" order="-1"/>
        <tile collision="0" data="" durations="100" frames="629" id="629" order="-1"/>
        <tile collision="0" data="" durations="100" frames="630" id="630" order="-1"/>
        <tile collision="0" data="" durations="100" frames="631" id="631" order="-1"/>
        <tile collision="0" data="" durations="100" frames="632" id="632" order="-1"/>
        <tile collision="0" data="" durations="100" frames="633" id="633" order="-1"/>
        <tile collision="0" data="" durations="100" frames="634" id="634" order="-1"/>
        <tile collision="0" data="" durations="100" frames="635" id="635" order="-1"/>
        <tile collision="0" data="" durations="100" frames="636" id="636" order="-1"/>
        <tile collision="0" data="" durations="100" frames="637" id="637" order="-1"/>
        <tile collision="0" data="" durations="100" frames="638" id="638" order="-1"/>
        <tile collision="0" data="" durations="100" frames="639" id="639" order="-1"/>
        <tile collision="0" data="" durations="100" frames="640" id="640" order="-1"/>
        <tile collision="0" data="" durations="100" frames="641" id="641" order="-1"/>
        <tile collision="0" data="" durations="100" frames="642" id="642" order="-1"/>
        <tile collision="0" data="" durations="100" frames="643" id="643" order="-1"/>
        <tile collision="0" data="" durations="100" frames="644" id="644" order="-1"/>
        <tile collision="0" data="" durations="100" frames="645" id="645" order="-1"/>
        <tile collision="0" data="" durations="100" frames="646" id="646" order="-1"/>
        <tile collision="0" data="" durations="100" frames="647" id="647" order="-1"/>
        <tile collision="0" data="" durations="100" frames="648" id="648" order="-1"/>
        <tile collision="0" data="" durations="100" frames="649" id="649" order="-1"/>
        <tile collision="0" data="" durations="100" frames="650" id="650" order="-1"/>
        <tile collision="0" data="" durations="100" frames="651" id="651" order="-1"/>
        <tile collision="0" data="" durations="100" frames="652" id="652" order="-1"/>
        <tile collision="0" data="" durations="100" frames="653" id="653" order="-1"/>
        <tile collision="0" data="" durations="100" frames="654" id="654" order="-1"/>
        <tile collision="0" data="" durations="100" frames="655" id="655" order="-1"/>
        <tile collision="0" data="" durations="100" frames="656" id="656" order="-1"/>
        <tile collision="0" data="" durations="100" frames="657" id="657" order="-1"/>
        <tile collision="0" data="" durations="100" frames="658" id="658" order="-1"/>
        <tile collision="0" data="" durations="100" frames="659" id="659" order="-1"/>
        <tile collision="0" data="" durations="100" frames="660" id="660" order="-1"/>
        <tile collision="0" data="" durations="100" frames="661" id="661" order="-1"/>
        <tile collision="0" data="" durations="100" frames="662" id="662" order="-1"/>
        <tile collision="0" data="" durations="100" frames="663" id="663" order="-1"/>
        <tile collision="0" data="" durations="100" frames="664" id="664" order="-1"/>
        <tile collision="0" data="" durations="100" frames="665" id="665" order="-1"/>
        <tile collision="0" data="" durations="100" frames="666" id="666" order="-1"/>
        <tile collision="0" data="" durations="100" frames="667" id="667" order="-1"/>
        <tile collision="0" data="" durations="100" frames="668" id="668" order="-1"/>
        <tile collision="0" data="" durations="100" frames="669" id="669" order="-1"/>
        <tile collision="0" data="" durations="100" frames="670" id="670" order="-1"/>
        <tile collision="0" data="" durations="100" frames="671" id="671" order="-1"/>
        <tile collision="0" data="" durations="100" frames="672" id="672" order="-1"/>
        <tile collision="0" data="" durations="100" frames="673" id="673" order="-1"/>
        <tile collision="0" data="" durations="100" frames="674" id="674" order="-1"/>
        <tile collision="0" data="" durations="100" frames="675" id="675" order="-1"/>
        <tile collision="0" data="" durations="100" frames="676" id="676" order="-1"/>
        <tile collision="0" data="" durations="100" frames="677" id="677" order="-1"/>
        <tile collision="0" data="" durations="100" frames="678" id="678" order="-1"/>
        <tile collision="0" data="" durations="100" frames="679" id="679" order="-1"/>
        <tile collision="0" data="" durations="100" frames="680" id="680" order="-1"/>
        <tile collision="0" data="" durations="100" frames="681" id="681" order="-1"/>
        <tile collision="0" data="" durations="100" frames="682" id="682" order="-1"/>
        <tile collision="0" data="" durations="100" frames="683" id="683" order="-1"/>
        <tile collision="0" data="" durations="100" frames="684" id="684" order="-1"/>
        <tile collision="0" data="" durations="100" frames="685" id="685" order="-1"/>
        <tile collision="0" data="" durations="100" frames="686" id="686" order="-1"/>
        <tile collision="0" data="" durations="100" frames="687" id="687" order="-1"/>
        <tile collision="0" data="" durations="100" frames="688" id="688" order="-1"/>
        <tile collision="0" data="" durations="100" frames="689" id="689" order="-1"/>
        <tile collision="0" data="" durations="100" frames="690" id="690" order="-1"/>
        <tile collision="0" data="" durations="100" frames="691" id="691" order="-1"/>
        <tile collision="0" data="" durations="100" frames="692" id="692" order="-1"/>
        <tile collision="0" data="" durations="100" frames="693" id="693" order="-1"/>
        <tile collision="0" data="" durations="100" frames="694" id="694" order="-1"/>
        <tile collision="0" data="" durations="100" frames="695" id="695" order="-1"/>
        <tile collision="0" data="" durations="100" frames="696" id="696" order="-1"/>
        <tile collision="0" data="" durations="100" frames="697" id="697" order="-1"/>
        <tile collision="0" data="" durations="100" frames="698" id="698" order="-1"/>
        <tile collision="0" data="" durations="100" frames="699" id="699" order="-1"/>
        <tile collision="0" data="" durations="100" frames="700" id="700" order="-1"/>
        <tile collision="0" data="" durations="100" frames="701" id="701" order="-1"/>
        <tile collision="0" data="" durations="100" frames="702" id="702" order="-1"/>
        <tile collision="0" data="" durations="100" frames="703" id="703" order="-1"/>
        <tile collision="0" data="" durations="100" frames="704" id="704" order="-1"/>
        <tile collision="0" data="" durations="100" frames="705" id="705" order="-1"/>
        <tile collision="0" data="" durations="100" frames="706" id="706" order="-1"/>
        <tile collision="0" data="" durations="100" frames="707" id="707" order="-1"/>
        <tile collision="0" data="" durations="100" frames="708" id="708" order="-1"/>
        <tile collision="0" data="" durations="100" frames="709" id="709" order="-1"/>
        <tile collision="0" data="" durations="100" frames="710" id="710" order="-1"/>
        <tile collision="0" data="" durations="100" frames="711" id="711" order="-1"/>
        <tile collision="0" data="" durations="100" frames="712" id="712" order="-1"/>
        <tile collision="0" data="" durations="100" frames="713" id="713" order="-1"/>
        <tile collision="0" data="" durations="100" frames="714" id="714" order="-1"/>
        <tile collision="0" data="" durations="100" frames="715" id="715" order="-1"/>
        <tile collision="0" data="" durations="100" frames="716" id="716" order="-1"/>
        <tile collision="0" data="" durations="100" frames="717" id="717" order="-1"/>
        <tile collision="0" data="" durations="100" frames="718" id="718" order="-1"/>
        <tile collision="0" data="" durations="100" frames="719" id="719" order="-1"/>
        <tile collision="0" data="" durations="100" frames="720" id="720" order="-1"/>
        <tile collision="0" data="" durations="100" frames="721" id="721" order="-1"/>
        <tile collision="0" data="" durations="100" frames="722" id="722" order="-1"/>
        <tile collision="0" data="" durations="100" frames="723" id="723" order="-1"/>
        <tile collision="0" data="" durations="100" frames="724" id="724" order="-1"/>
        <tile collision="0" data="" durations="100" frames="725" id="725" order="-1"/>
        <tile collision="0" data="" durations="100" frames="726" id="726" order="-1"/>
        <tile collision="0" data="" durations="100" frames="727" id="727" order="-1"/>
        <tile collision="0" data="" durations="100" frames="728" id="728" order="-1"/>
        <tile collision="0" data="" durations="100" frames="729" id="729" order="-1"/>
        <tile collision="0" data="" durations="100" frames="730" id="730" order="-1"/>
        <tile collision="0" data="" durations="100" frames="731" id="731" order="-1"/>
        <tile collision="0" data="" durations="100" frames="732" id="732" order="-1"/>
        <tile collision="0" data="" durations="100" frames="733" id="733" order="-1"/>
        <tile collision="0" data="" durations="100" frames="734" id="734" order="-1"/>
        <tile collision="0" data="" durations="100" frames="735" id="735" order="-1"/>
        <tile collision="0" data="" durations="100" frames="736" id="736" order="-1"/>
        <tile collision="0" data="" durations="100" frames="737" id="737" order="-1"/>
        <tile collision="0" data="" durations="100" frames="738" id="738" order="-1"/>
        <tile collision="0" data="" durations="100" frames="739" id="739" order="-1"/>
        <tile collision="0" data="" durations="100" frames="740" id="740" order="-1"/>
        <tile collision="0" data="" durations="100" frames="741" id="741" order="-1"/>
        <tile collision="0" data="" durations="100" frames="742" id="742" order="-1"/>
        <tile collision="0" data="" durations="100" frames="743" id="743" order="-1"/>
        <tile collision="0" data="" durations="100" frames="744" id="744" order="-1"/>
        <tile collision="0" data="" durations="100" frames="745" id="745" order="-1"/>
        <tile collision="0" data="" durations="100" frames="746" id="746" order="-1"/>
        <tile collision="0" data="" durations="100" frames="747" id="747" order="-1"/>
        <tile collision="0" data="" durations="100" frames="748" id="748" order="-1"/>
        <tile collision="0" data="" durations="100" frames="749" id="749" order="-1"/>
        <tile collision="0" data="" durations="100" frames="750" id="750" order="-1"/>
        <tile collision="0" data="" durations="100" frames="751" id="751" order="-1"/>
        <tile collision="0" data="" durations="100" frames="752" id="752" order="-1"/>
        <tile collision="0" data="" durations="100" frames="753" id="753" order="-1"/>
        <tile collision="0" data="" durations="100" frames="754" id="754" order="-1"/>
        <tile collision="0" data="" durations="100" frames="755" id="755" order="-1"/>
        <tile collision="0" data="" durations="100" frames="756" id="756" order="-1"/>
        <tile collision="0" data="" durations="100" frames="757" id="757" order="-1"/>
        <tile collision="0" data="" durations="100" frames="758" id="758" order="-1"/>
        <tile collision="0" data="" durations="100" frames="759" id="759" order="-1"/>
        <tile collision="0" data="" durations="100" frames="760" id="760" order="-1"/>
        <tile collision="0" data="" durations="100" frames="761" id="761" order="-1"/>
        <tile collision="0" data="" durations="100" frames="762" id="762" order="-1"/>
        <tile collision="0" data="" durations="100" frames="763" id="763" order="-1"/>
        <tile collision="0" data="" durations="100" frames="764" id="764" order="-1"/>
        <tile collision="0" data="" durations="100" frames="765" id="765" order="-1"/>
        <tile collision="0" data="" durations="100" frames="766" id="766" order="-1"/>
        <tile collision="0" data="" durations="100" frames="767" id="767" order="-1"/>
        <tile collision="0" data="" durations="100" frames="768" id="768" order="-1"/>
        <tile collision="0" data="" durations="100" frames="769" id="769" order="-1"/>
        <tile collision="0" data="" durations="100" frames="770" id="770" order="-1"/>
        <tile collision="0" data="" durations="100" frames="771" id="771" order="-1"/>
        <tile collision="0" data="" durations="100" frames="772" id="772" order="-1"/>
        <tile collision="0" data="" durations="100" frames="773" id="773" order="-1"/>
        <tile collision="0" data="" durations="100" frames="774" id="774" order="-1"/>
        <tile collision="0" data="" durations="100" frames="775" id="775" order="-1"/>
        <tile collision="0" data="" durations="100" frames="776" id="776" order="-1"/>
        <tile collision="0" data="" durations="100" frames="777" id="777" order="-1"/>
        <tile collision="0" data="" durations="100" frames="778" id="778" order="-1"/>
        <tile collision="0" data="" durations="100" frames="779" id="779" order="-1"/>
        <tile collision="0" data="" durations="100" frames="780" id="780" order="-1"/>
        <tile collision="0" data="" durations="100" frames="781" id="781" order="-1"/>
        <tile collision="0" data="" durations="100" frames="782" id="782" order="-1"/>
        <tile collision="0" data="" durations="100" frames="783" id="783" order="-1"/>
        <tile collision="0" data="" durations="100" frames="784" id="784" order="-1"/>
        <tile collision="0" data="" durations="100" frames="785" id="785" order="-1"/>
        <tile collision="0" data="" durations="100" frames="786" id="786" order="-1"/>
        <tile collision="0" data="" durations="100" frames="787" id="787" order="-1"/>
        <tile collision="0" data="" durations="100" frames="788" id="788" order="-1"/>
        <tile collision="0" data="" durations="100" frames="789" id="789" order="-1"/>
        <tile collision="0" data="" durations="100" frames="790" id="790" order="-1"/>
        <tile collision="0" data="" durations="100" frames="791" id="791" order="-1"/>
        <tile collision="0" data="" durations="100" frames="792" id="792" order="-1"/>
        <tile collision="0" data="" durations="100" frames="793" id="793" order="-1"/>
        <tile collision="0" data="" durations="100" frames="794" id="794" order="-1"/>
        <tile collision="0" data="" durations="100" frames="795" id="795" order="-1"/>
        <tile collision="0" data="" durations="100" frames="796" id="796" order="-1"/>
        <tile collision="0" data="" durations="100" frames="797" id="797" order="-1"/>
        <tile collision="0" data="" durations="100" frames="798" id="798" order="-1"/>
        <tile collision="0" data="" durations="100" frames="799" id="799" order="-1"/>
        <tile collision="0" data="" durations="100" frames="800" id="800" order="-1"/>
        <tile collision="0" data="" durations="100" frames="801" id="801" order="-1"/>
        <tile collision="0" data="" durations="100" frames="802" id="802" order="-1"/>
        <tile collision="0" data="" durations="100" frames="803" id="803" order="-1"/>
        <tile collision="0" data="" durations="100" frames="804" id="804" order="-1"/>
        <tile collision="0" data="" durations="100" frames="805" id="805" order="-1"/>
        <tile collision="0" data="" durations="100" frames="806" id="806" order="-1"/>
        <tile collision="0" data="" durations="100" frames="807" id="807" order="-1"/>
        <tile collision="0" data="" durations="100" frames="808" id="808" order="-1"/>
        <tile collision="0" data="" durations="100" frames="809" id="809" order="-1"/>
        <tile collision="0" data="" durations="100" frames="810" id="810" order="-1"/>
        <tile collision="0" data="" durations="100" frames="811" id="811" order="-1"/>
        <tile collision="0" data="" durations="100" frames="812" id="812" order="-1"/>
        <tile collision="0" data="" durations="100" frames="813" id="813" order="-1"/>
        <tile collision="0" data="" durations="100" frames="814" id="814" order="-1"/>
        <tile collision="0" data="" durations="100" frames="815" id="815" order="-1"/>
    </tileset>
    <actor adamp="0.0" ascale="true" atlasID="0" bodytype="2" continuous="true" desc="" eventsnippetid="6" fixedrot="false" fric="0.2" gid="4" id="6" ignoreg="false" inertia="1.0" ldamp="0.0" mass="1.0" name="pistol" oid="-1" pausable="true" physicsMode="0" rest="0.0" shared="false" sprite="7" static="false">
        <snippets>
            <s enabled="true" id="10">
                <prop id="2147483647" list="0" val="thisactor"/>
                <prop id="32" list="0" val="Relative"/>
                <prop id="2" list="0" val="50.0"/>
                <prop id="4" list="0" val="8"/>
                <prop id="5" list="0" val="-1"/>
                <prop id="9" list="0" val="0.0"/>
                <prop id="13" list="0" val="action1"/>
                <prop id="15" list="0" val="0.0"/>
                <prop id="16" list="0" val="true"/>
                <prop id="17" list="0" val="true"/>
                <prop id="18" list="0" val="false"/>
                <prop id="19" list="0" val="1.0"/>
                <prop id="20" list="0" val="0.0"/>
                <prop id="21" list="0" val="false"/>
                <prop id="22" list="0" val="false"/>
                <prop id="23" list="0" val="3.0"/>
                <prop id="24" list="0" val="5.0"/>
                <prop id="25" list="0" val="5.0"/>
                <prop id="26" list="0" val="false"/>
                <prop id="28" list="0" val=""/>
                <prop id="29" list="0" val=""/>
                <prop id="30" list="0" val=""/>
                <prop id="31" list="0" val=""/>
            </s>
            <s enabled="true" id="11">
                <prop id="2147483647" list="0" val="thisactor"/>
                <prop id="2" list="0" val="0.0"/>
                <prop id="3" list="0" val="0.0"/>
                <prop id="4" list="0" val="0"/>
                <prop id="5" list="0" val="false"/>
            </s>
        </snippets>
    </actor>
    <sprite atlasID="0" default="0" defaultAnimation="0" desc="" height="26" id="7" name="pistol" shared="false" width="38">
        <anim across="1" down="1" durations="100" height="26" id="0" loop="false" name="pistol" numframes="1" originx="19" originy="13" sync="false" version="2" width="38">
            <poly data="4,0,0,38,0,38,26,0,26" density="0.1" fric="0.2" gid="-1000" id="0" name="pistol" rest="0.0" sensor="false"/>
        </anim>
    </sprite>
    <actor adamp="0.0" ascale="true" atlasID="0" bodytype="2" continuous="true" desc="" eventsnippetid="1" fixedrot="false" fric="0.2" gid="3" id="3" ignoreg="false" inertia="1.0" ldamp="0.0" mass="1.0" name="player" oid="-1" pausable="true" physicsMode="0" rest="0.0" shared="false" sprite="4" static="false">
        <snippets>
            <s enabled="true" id="4">
                <prop id="32" list="0" val="down"/>
                <prop id="2147483647" list="0" val="thisactor"/>
                <prop id="33" list="0" val="left"/>
                <prop id="34" list="0" val="right"/>
                <prop id="35" list="0" val="0.0"/>
                <prop id="36" list="0" val="0.0"/>
                <prop id="37" list="0" val="true"/>
                <prop id="38" list="0" val="0.0"/>
                <prop id="39" list="0" val="true"/>
                <prop id="40" list="0" val="true"/>
                <prop id="11" list="0" val="30.0"/>
                <prop id="49" list="0" val="true"/>
                <prop id="50" list="0" val=""/>
                <prop id="51" list="0" val=""/>
                <prop id="52" list="0" val=""/>
                <prop id="53" list="0" val=""/>
                <prop id="54" list="0" val=""/>
                <prop id="55" list="0" val=""/>
                <prop id="56" list="0" val=""/>
                <prop id="57" list="0" val="p_runRight"/>
                <prop id="58" list="0" val="false"/>
                <prop id="31" list="0" val="up"/>
            </s>
            <s enabled="true" id="5">
                <prop id="2147483647" list="0" val="thisactor"/>
                <prop id="1" list="0" val="0.0"/>
                <prop id="4" list="0" val="0.0"/>
                <prop id="6" list="0" val="0.0"/>
                <prop id="8" list="0" val="0.0"/>
                <prop id="9" list="0" val="0.0"/>
            </s>
        </snippets>
    </actor>
    <sprite atlasID="0" default="0" defaultAnimation="0" desc="" height="54" id="4" name="player" shared="false" width="43">
        <anim across="3" down="2" durations="100,100,100,100,100,100" height="108" id="0" loop="true" name="p_runRight" numframes="6" originx="21" originy="27" sync="false" version="2" width="129">
            <poly data="4,0,0,43,0,43,54,0,54" density="0.1" fric="0.2" gid="-1000" id="0" name="Animation 0" rest="0.0" sensor="false"/>
        </anim>
    </sprite>
</pack>
