<?xml version="1.0" encoding="UTF-8" standalone="no"?>
<scene depth="3" desc="" eventsnippetid="0" extheight="672" extwidth="1664" extx="-32" exty="-32" format="3.4.0" gravx="-0.0" gravy="0.0" height="608" id="0" name="Level1" revision="" savecount="0" tiled="1" tileh="32" tilew="32" type="standard" width="1600">
    <layers>
        <color-bg blue="255" green="255" red="204"/>
        <layer blendMode="normal" color="0,255,0" id="1" locked="false" name="bg" opacity="100" order="2" scrollFactorX="1.0" scrollFactorY="1.0" visible="true"/>
        <layer blendMode="normal" color="64,64,64" id="2" locked="false" name="floor" opacity="100" order="1" scrollFactorX="1.0" scrollFactorY="1.0" visible="true"/>
        <layer blendMode="normal" color="255,0,255" id="3" locked="false" name="player" opacity="100" order="0" scrollFactorX="1.0" scrollFactorY="1.0" visible="true"/>
    </layers>
    <joints/>
    <regions/>
    <terrainRegions/>
    <actors>
        <actor a="0.0" aid="1" c="false" group="3" id="3" name="player 1" sx="1.0" sy="1.0" x="45" y="409" z="3"/>
    </actors>
    <snippets/>
    <terrain>
        <p pts="4,1600.0,0.0,1600.0,128.0,0.0,128.0,0.0,0.0" x="0.0" y="480.0"/>
        <p pts="4,608.0,0.0,608.0,32.0,0.0,32.0,0.0,0.0" x="0.0" y="288.0"/>
    </terrain>
    <atlases members="" retainAtlases="true"/>
</scene>
