<?xml version="1.0" encoding="UTF-8" standalone="no"?>
<scene depth="2" desc="" eventsnippetid="0" extheight="672" extwidth="864" extx="-32" exty="-32" format="3.4.0" gravx="-0.0" gravy="0.0" height="608" id="0" name="Level1" revision="" savecount="0" tiled="1" tileh="32" tilew="32" type="standard" width="800">
    <layers>
        <color-bg blue="255" green="255" red="255"/>
        <layer blendMode="normal" color="0,255,0" id="1" locked="false" name="bg" opacity="100" order="1" scrollFactorX="1.0" scrollFactorY="1.0" visible="true"/>
        <layer blendMode="normal" color="100,168,234" id="0" locked="false" name="floor" opacity="100" order="0" scrollFactorX="1.0" scrollFactorY="1.0" visible="true"/>
    </layers>
    <joints/>
    <regions/>
    <terrainRegions/>
    <actors/>
    <snippets/>
    <terrain>
        <p pts="4,800.0,0.0,800.0,160.0,0.0,160.0,0.0,0.0" x="0.0" y="448.0"/>
    </terrain>
    <atlases members="" retainAtlases="true"/>
</scene>
