<?xml version="1.0" encoding="UTF-8" standalone="no"?>
<pack>
    <snippet attachedevent="true" class="scripts.SceneEvents_0" classname="scripts.SceneEvents_0" desc="Scene Specific Events" description="Scene Specific Events" design="true" drawOrder="0" id="0" name="SceneEvents_0" oid="-1" package="scripts." sceneid="0" shared="false" type="scene">
        <blocks/>
        <events>
            <event displayName="Updating" enabled="true" id="1" name="step" order="1" repeats="true"/>
            <event displayName="Updating" enabled="true" id="2" name="step" order="2" repeats="true"/>
        </events>
    </snippet>
    <snippet actorid="4" attachedevent="true" class="scripts.ActorEvents_4" classname="scripts.ActorEvents_4" desc="Actor Specific Events" description="Actor Specific Events" design="true" drawOrder="0" id="1" name="ActorEvents_4" oid="-1" package="scripts." shared="false" type="actor">
        <blocks/>
        <events/>
    </snippet>
    <snippet actorid="6" attachedevent="true" class="scripts.ActorEvents_6" classname="scripts.ActorEvents_6" desc="Actor Specific Events" description="Actor Specific Events" design="true" drawOrder="0" id="2" name="ActorEvents_6" oid="-1" package="scripts." shared="false" type="actor">
        <blocks/>
        <events/>
    </snippet>
    <snippet actorid="8" attachedevent="true" class="scripts.ActorEvents_8" classname="scripts.ActorEvents_8" desc="Actor Specific Events" description="Actor Specific Events" design="true" drawOrder="0" id="3" name="ActorEvents_8" oid="-1" package="scripts." shared="false" type="actor">
        <blocks/>
        <events/>
    </snippet>
    <snippet attachedevent="true" class="scripts.SceneEvents_1" classname="scripts.SceneEvents_1" desc="Scene Specific Events" description="Scene Specific Events" design="true" drawOrder="0" id="4" name="SceneEvents_1" oid="-1" package="scripts." sceneid="1" shared="false" type="scene">
        <blocks/>
        <events/>
    </snippet>
</pack>
